	Chromosome	ChromStartGene1	ChromEndGene1	Chromosome	ChromStartGene2	ChromStartGene2
0	20	34872146.0	34927962.0	20	25006230.0	25058980.0
1	20	4220631.0	4249074.0	20	3082556.0	3084724.0
2	20	4220631.0	4249074.0	20	3082556.0	3084724.0
3	20	4220631.0	4249074.0	20	3082556.0	3084724.0
4	20	4220631.0	4249074.0	20	3082556.0	3084724.0
5	20	4220631.0	4249074.0	20	3082556.0	3084724.0
6	20	4220631.0	4249074.0	20	3082556.0	3084724.0
7	20	4220631.0	4249074.0	20	3082556.0	3084724.0
8	20	4220631.0	4249074.0	20	3082556.0	3084724.0
9	20	4220631.0	4249074.0	20	3082556.0	3084724.0
10	20	4220631.0	4249074.0	20	3082556.0	3084724.0
11	20	62302093.0	62308862.0	20	1113263.0	1189415.0
12	20	62302093.0	62308862.0	20	1113263.0	1189415.0
13	20	62302093.0	62308862.0	20	62136735.0	62143440.0
14	20	62302093.0	62308862.0	20	62136735.0	62143440.0
15	20	62302093.0	62308862.0	20	62136735.0	62143440.0
16	20	62302093.0	62308862.0	20	62136735.0	62143440.0
17	20	62302093.0	62308862.0	20	62136735.0	62143440.0
18	20	34280268.0	34311802.0	20	32762385.0	32809356.0
19	20	63272785.0	63289793.0	20	16272104.0	16573434.0
20	20	63272785.0	63289793.0	20	16272104.0	16573434.0
21	20	63272785.0	63289793.0	20	32277664.0	32335011.0
22	20	63272785.0	63289793.0	20	32277664.0	32335011.0
23	20	63272785.0	63289793.0	20	32277664.0	32335011.0
24	20	63698642.0	63708025.0	20	23374519.0	23421519.0
25	20	63698642.0	63708025.0	20	23374519.0	23421519.0
26	20	63698642.0	63708025.0	20	23374519.0	23421519.0
27	20	63698642.0	63708025.0	20	23374519.0	23421519.0
28	20	63698642.0	63708025.0	20	23374519.0	23421519.0
29	20	63698642.0	63708025.0	20	58651253.0	58679526.0
30	20	63698642.0	63708025.0	20	58651253.0	58679526.0
31	20	63698642.0	63708025.0	20	58651253.0	58679526.0
32	20	56369389.0	56392337.0	20	25452705.0	25585517.0
33	20	56369389.0	56392337.0	20	35455164.0	35519280.0
34	20	56369389.0	56392337.0	20	35455164.0	35519280.0
35	20	56369389.0	56392337.0	20	35455164.0	35519280.0
36	20	56369389.0	56392337.0	20	35455164.0	35519280.0
37	20	56369389.0	56392337.0	20	31739271.0	31801805.0
38	20	56369389.0	56392337.0	20	31739271.0	31801805.0
39	20	56369389.0	56392337.0	20	3786772.0	3806121.0
40	20	56369389.0	56392337.0	20	1113263.0	1189415.0
41	20	56369389.0	56392337.0	20	1113263.0	1189415.0
42	20	56369389.0	56392337.0	20	45812576.0	45816957.0
43	20	56369389.0	56392337.0	20	45812576.0	45816957.0
44	20	56369389.0	56392337.0	20	45812576.0	45816957.0
45	20	56369389.0	56392337.0	20	45812576.0	45816957.0
46	20	56369389.0	56392337.0	20	45812576.0	45816957.0
47	20	56369389.0	56392337.0	20	45812576.0	45816957.0
48	20	56369389.0	56392337.0	20	45812576.0	45816957.0
49	20	56369389.0	56392337.0	20	45812576.0	45816957.0
50	20	56369389.0	56392337.0	20	62136735.0	62143440.0
51	20	56369389.0	56392337.0	20	62136735.0	62143440.0
52	20	56369389.0	56392337.0	20	62136735.0	62143440.0
53	20	56369389.0	56392337.0	20	62136735.0	62143440.0
54	20	56369389.0	56392337.0	20	62136735.0	62143440.0
55	20	56369389.0	56392337.0	20	32819893.0	32850405.0
56	20	56369389.0	56392337.0	20	32819893.0	32850405.0
57	20	56369389.0	56392337.0	20	32819893.0	32850405.0
58	20	56369389.0	56392337.0	20	32819893.0	32850405.0
59	20	6767664.0	6780280.0	20	57168748.0	57266629.0
60	20	6767664.0	6780280.0	20	57168748.0	57266629.0
61	20	3786772.0	3806121.0	20	44885676.0	44908532.0
62	20	50190734.0	50192689.0	20	63558086.0	63574239.0
63	20	50190734.0	50192689.0	20	63558086.0	63574239.0
64	20	50190734.0	50192689.0	20	63558086.0	63574239.0
65	20	50190734.0	50192689.0	20	63558086.0	63574239.0
66	20	50190734.0	50192689.0	20	63558086.0	63574239.0
67	20	50190734.0	50192689.0	20	45812576.0	45816957.0
68	20	50190734.0	50192689.0	20	45812576.0	45816957.0
69	20	50190734.0	50192689.0	20	45812576.0	45816957.0
70	20	50190734.0	50192689.0	20	45812576.0	45816957.0
71	20	50190734.0	50192689.0	20	45812576.0	45816957.0
72	20	50190734.0	50192689.0	20	45812576.0	45816957.0
73	20	50190734.0	50192689.0	20	45812576.0	45816957.0
74	20	50190734.0	50192689.0	20	45812576.0	45816957.0
75	20	50190734.0	50192689.0	20	47501902.0	47656877.0
76	20	50190734.0	50192689.0	20	47501902.0	47656877.0
77	20	50190734.0	50192689.0	20	47501902.0	47656877.0
78	20	50190734.0	50192689.0	20	31605283.0	31606515.0
79	20	33811304.0	33854366.0	20	34546854.0	34560345.0
80	20	62816244.0	62841159.0	20	63293186.0	63334851.0
81	20	6006090.0	6040053.0	20	5126786.0	5197887.0
82	20	6006090.0	6040053.0	20	5126786.0	5197887.0
83	20	20034368.0	20056046.0	20	2461634.0	2470853.0
84	20	20034368.0	20056046.0	20	2461634.0	2470853.0
85	20	20034368.0	20056046.0	20	2461634.0	2470853.0
86	20	20034368.0	20056046.0	20	2461634.0	2470853.0
87	20	20034368.0	20056046.0	20	2461634.0	2470853.0
88	20	20034368.0	20056046.0	20	2461634.0	2470853.0
89	20	20034368.0	20056046.0	20	2461634.0	2470853.0
90	20	56392371.0	56406369.0	20	43457928.0	43464247.0
91	20	56392371.0	56406369.0	20	63981135.0	64033100.0
92	20	56392371.0	56406369.0	20	63981135.0	64033100.0
93	20	56392371.0	56406369.0	20	63981135.0	64033100.0
94	20	56392371.0	56406369.0	20	20034368.0	20056046.0
95	20	56392371.0	56406369.0	20	20034368.0	20056046.0
96	20	56392371.0	56406369.0	20	20034368.0	20056046.0
97	20	56392371.0	56406369.0	20	20034368.0	20056046.0
98	20	56392371.0	56406369.0	20	20034368.0	20056046.0
99	20	56392371.0	56406369.0	20	2461634.0	2470853.0
100	20	56392371.0	56406369.0	20	2461634.0	2470853.0
101	20	56392371.0	56406369.0	20	2461634.0	2470853.0
102	20	56392371.0	56406369.0	20	2461634.0	2470853.0
103	20	56392371.0	56406369.0	20	2461634.0	2470853.0
104	20	56392371.0	56406369.0	20	2461634.0	2470853.0
105	20	56392371.0	56406369.0	20	2461634.0	2470853.0
106	20	56392371.0	56406369.0	20	37693955.0	37872129.0
107	20	56392371.0	56406369.0	20	37693955.0	37872129.0
108	20	56392371.0	56406369.0	20	37693955.0	37872129.0
109	20	56392371.0	56406369.0	20	37693955.0	37872129.0
110	20	56392371.0	56406369.0	20	16729961.0	16742563.0
111	20	56392371.0	56406369.0	20	16729961.0	16742563.0
112	20	37693955.0	37872129.0	20	2461634.0	2470853.0
113	20	37693955.0	37872129.0	20	2461634.0	2470853.0
114	20	37693955.0	37872129.0	20	2461634.0	2470853.0
115	20	37693955.0	37872129.0	20	2461634.0	2470853.0
116	20	37693955.0	37872129.0	20	2461634.0	2470853.0
117	20	37693955.0	37872129.0	20	2461634.0	2470853.0
118	20	37693955.0	37872129.0	20	2461634.0	2470853.0
119	20	37693955.0	37872129.0	20	20034368.0	20056046.0
120	20	37693955.0	37872129.0	20	20034368.0	20056046.0
121	20	37693955.0	37872129.0	20	20034368.0	20056046.0
122	20	37693955.0	37872129.0	20	20034368.0	20056046.0
123	20	37693955.0	37872129.0	20	20034368.0	20056046.0
124	20	58995185.0	59007247.0	20	23374519.0	23421519.0
125	20	58995185.0	59007247.0	20	23374519.0	23421519.0
126	20	58995185.0	59007247.0	20	23374519.0	23421519.0
127	20	58995185.0	59007247.0	20	23374519.0	23421519.0
128	20	58995185.0	59007247.0	20	23374519.0	23421519.0
129	20	49219295.0	49244077.0	20	2652145.0	2658393.0
130	20	49219295.0	49244077.0	20	2652145.0	2658393.0
131	20	49219295.0	49244077.0	20	2652145.0	2658393.0
132	20	49219295.0	49244077.0	20	2652145.0	2658393.0
133	20	31257664.0	31259632.0	20	31404845.0	31412838.0
134	20	31257664.0	31259632.0	20	31404845.0	31412838.0
135	20	31257664.0	31259632.0	20	31404845.0	31412838.0
136	20	31257664.0	31259632.0	20	31404845.0	31412838.0
137	20	31257664.0	31259632.0	20	31404845.0	31412838.0
138	20	31257664.0	31259632.0	20	31404845.0	31412838.0
139	20	31257664.0	31259632.0	20	31404845.0	31412838.0
140	20	31257664.0	31259632.0	20	31404845.0	31412838.0
141	20	31257664.0	31259632.0	20	31404845.0	31412838.0
142	20	31257664.0	31259632.0	20	31404845.0	31412838.0
143	20	31257664.0	31259632.0	20	31404845.0	31412838.0
144	20	31257664.0	31259632.0	20	31404845.0	31412838.0
145	20	31303212.0	31308585.0	20	31404845.0	31412838.0
146	20	31303212.0	31308585.0	20	31404845.0	31412838.0
147	20	31303212.0	31308585.0	20	31404845.0	31412838.0
148	20	31303212.0	31308585.0	20	31404845.0	31412838.0
149	20	31303212.0	31308585.0	20	31404845.0	31412838.0
150	20	31303212.0	31308585.0	20	31404845.0	31412838.0
151	20	31303212.0	31308585.0	20	31404845.0	31412838.0
152	20	31303212.0	31308585.0	20	31404845.0	31412838.0
153	20	31303212.0	31308585.0	20	31404845.0	31412838.0
154	20	31303212.0	31308585.0	20	31404845.0	31412838.0
155	20	31303212.0	31308585.0	20	31404845.0	31412838.0
156	20	31303212.0	31308585.0	20	31404845.0	31412838.0
157	20	31303212.0	31308585.0	20	31257664.0	31259632.0
158	20	31303212.0	31308585.0	20	31257664.0	31259632.0
159	20	31303212.0	31308585.0	20	31257664.0	31259632.0
160	20	31303212.0	31308585.0	20	31257664.0	31259632.0
161	20	31303212.0	31308585.0	20	31257664.0	31259632.0
162	20	31303212.0	31308585.0	20	31257664.0	31259632.0
163	20	31303212.0	31308585.0	20	31257664.0	31259632.0
164	20	31303212.0	31308585.0	20	31257664.0	31259632.0
165	20	31303212.0	31308585.0	20	31257664.0	31259632.0
166	20	31303212.0	31308585.0	20	31257664.0	31259632.0
167	20	31303212.0	31308585.0	20	31257664.0	31259632.0
168	20	31368618.0	31373923.0	20	31465506.0	31476757.0
169	20	31368618.0	31373923.0	20	31465506.0	31476757.0
170	20	31368618.0	31373923.0	20	31404845.0	31412838.0
171	20	31368618.0	31373923.0	20	31404845.0	31412838.0
172	20	31368618.0	31373923.0	20	31404845.0	31412838.0
173	20	31368618.0	31373923.0	20	31404845.0	31412838.0
174	20	31368618.0	31373923.0	20	31404845.0	31412838.0
175	20	31368618.0	31373923.0	20	31404845.0	31412838.0
176	20	31368618.0	31373923.0	20	31404845.0	31412838.0
177	20	31368618.0	31373923.0	20	31404845.0	31412838.0
178	20	31368618.0	31373923.0	20	31404845.0	31412838.0
179	20	31368618.0	31373923.0	20	31404845.0	31412838.0
180	20	31368618.0	31373923.0	20	31404845.0	31412838.0
181	20	31368618.0	31373923.0	20	31404845.0	31412838.0
182	20	31368618.0	31373923.0	20	142369.0	145751.0
183	20	31368618.0	31373923.0	20	142369.0	145751.0
184	20	31368618.0	31373923.0	20	142369.0	145751.0
185	20	31368618.0	31373923.0	20	142369.0	145751.0
186	20	31368618.0	31373923.0	20	142369.0	145751.0
187	20	31368618.0	31373923.0	20	142369.0	145751.0
188	20	31368618.0	31373923.0	20	142369.0	145751.0
189	20	31368618.0	31373923.0	20	142369.0	145751.0
190	20	31368618.0	31373923.0	20	31257664.0	31259632.0
191	20	31368618.0	31373923.0	20	31257664.0	31259632.0
192	20	31368618.0	31373923.0	20	31257664.0	31259632.0
193	20	31368618.0	31373923.0	20	31257664.0	31259632.0
194	20	31368618.0	31373923.0	20	31257664.0	31259632.0
195	20	31368618.0	31373923.0	20	31257664.0	31259632.0
196	20	31368618.0	31373923.0	20	31257664.0	31259632.0
197	20	31368618.0	31373923.0	20	31257664.0	31259632.0
198	20	31368618.0	31373923.0	20	31257664.0	31259632.0
199	20	31368618.0	31373923.0	20	31257664.0	31259632.0
200	20	31368618.0	31373923.0	20	31257664.0	31259632.0
201	20	31368618.0	31373923.0	20	31377164.0	31390603.0
202	20	31368618.0	31373923.0	20	31377164.0	31390603.0
203	20	31368618.0	31373923.0	20	31377164.0	31390603.0
204	20	31368618.0	31373923.0	20	31377164.0	31390603.0
205	20	31368618.0	31373923.0	20	31377164.0	31390603.0
206	20	31368618.0	31373923.0	20	257736.0	261096.0
207	20	31368618.0	31373923.0	20	257736.0	261096.0
208	20	31368618.0	31373923.0	20	257736.0	261096.0
209	20	31368618.0	31373923.0	20	257736.0	261096.0
210	20	31368618.0	31373923.0	20	257736.0	261096.0
211	20	31368618.0	31373923.0	20	257736.0	261096.0
212	20	31368618.0	31373923.0	20	87250.0	97094.0
213	20	31368618.0	31373923.0	20	87250.0	97094.0
214	20	31368618.0	31373923.0	20	87250.0	97094.0
215	20	31368618.0	31373923.0	20	87250.0	97094.0
216	20	31368618.0	31373923.0	20	87250.0	97094.0
217	20	31368618.0	31373923.0	20	87250.0	97094.0
218	20	31368618.0	31373923.0	20	87250.0	97094.0
219	20	31368618.0	31373923.0	20	87250.0	97094.0
220	20	31368618.0	31373923.0	20	87250.0	97094.0
221	20	31368618.0	31373923.0	20	187853.0	189681.0
222	20	31368618.0	31373923.0	20	187853.0	189681.0
223	20	31368618.0	31373923.0	20	187853.0	189681.0
224	20	31368618.0	31373923.0	20	31440519.0	31450257.0
225	20	31368618.0	31373923.0	20	31440519.0	31450257.0
226	20	31368618.0	31373923.0	20	31440519.0	31450257.0
227	20	31368618.0	31373923.0	20	31440519.0	31450257.0
228	20	31368618.0	31373923.0	20	157470.0	159163.0
229	20	31368618.0	31373923.0	20	157470.0	159163.0
230	20	31368618.0	31373923.0	20	157470.0	159163.0
231	20	31368618.0	31373923.0	20	157470.0	159163.0
232	20	31368618.0	31373923.0	20	157470.0	159163.0
233	20	31368618.0	31373923.0	20	157470.0	159163.0
234	20	31368618.0	31373923.0	20	157470.0	159163.0
235	20	31368618.0	31373923.0	20	31303212.0	31308585.0
236	20	31368618.0	31373923.0	20	31303212.0	31308585.0
237	20	31368618.0	31373923.0	20	31303212.0	31308585.0
238	20	31368618.0	31373923.0	20	31303212.0	31308585.0
239	20	31368618.0	31373923.0	20	31303212.0	31308585.0
240	20	31368618.0	31373923.0	20	31303212.0	31308585.0
241	20	31368618.0	31373923.0	20	31303212.0	31308585.0
242	20	31368618.0	31373923.0	20	31303212.0	31308585.0
243	20	31368618.0	31373923.0	20	31303212.0	31308585.0
244	20	31368618.0	31373923.0	20	31303212.0	31308585.0
245	20	31377164.0	31390603.0	20	142369.0	145751.0
246	20	31377164.0	31390603.0	20	142369.0	145751.0
247	20	31377164.0	31390603.0	20	142369.0	145751.0
248	20	31377164.0	31390603.0	20	142369.0	145751.0
249	20	31377164.0	31390603.0	20	142369.0	145751.0
250	20	31377164.0	31390603.0	20	142369.0	145751.0
251	20	31377164.0	31390603.0	20	142369.0	145751.0
252	20	31377164.0	31390603.0	20	142369.0	145751.0
253	20	31377164.0	31390603.0	20	257736.0	261096.0
254	20	31377164.0	31390603.0	20	257736.0	261096.0
255	20	31377164.0	31390603.0	20	257736.0	261096.0
256	20	31377164.0	31390603.0	20	257736.0	261096.0
257	20	31377164.0	31390603.0	20	257736.0	261096.0
258	20	31377164.0	31390603.0	20	257736.0	261096.0
259	20	31377164.0	31390603.0	20	31257664.0	31259632.0
260	20	31377164.0	31390603.0	20	31257664.0	31259632.0
261	20	31377164.0	31390603.0	20	31257664.0	31259632.0
262	20	31377164.0	31390603.0	20	31257664.0	31259632.0
263	20	31377164.0	31390603.0	20	31257664.0	31259632.0
264	20	31377164.0	31390603.0	20	31257664.0	31259632.0
265	20	31377164.0	31390603.0	20	31257664.0	31259632.0
266	20	31377164.0	31390603.0	20	31257664.0	31259632.0
267	20	31377164.0	31390603.0	20	31257664.0	31259632.0
268	20	31377164.0	31390603.0	20	31257664.0	31259632.0
269	20	31377164.0	31390603.0	20	31257664.0	31259632.0
270	20	31377164.0	31390603.0	20	157470.0	159163.0
271	20	31377164.0	31390603.0	20	157470.0	159163.0
272	20	31377164.0	31390603.0	20	157470.0	159163.0
273	20	31377164.0	31390603.0	20	157470.0	159163.0
274	20	31377164.0	31390603.0	20	157470.0	159163.0
275	20	31377164.0	31390603.0	20	157470.0	159163.0
276	20	31377164.0	31390603.0	20	157470.0	159163.0
277	20	31377164.0	31390603.0	20	31303212.0	31308585.0
278	20	31377164.0	31390603.0	20	31303212.0	31308585.0
279	20	31377164.0	31390603.0	20	31303212.0	31308585.0
280	20	31377164.0	31390603.0	20	31303212.0	31308585.0
281	20	31377164.0	31390603.0	20	31303212.0	31308585.0
282	20	31377164.0	31390603.0	20	31303212.0	31308585.0
283	20	31377164.0	31390603.0	20	31303212.0	31308585.0
284	20	31377164.0	31390603.0	20	31303212.0	31308585.0
285	20	31377164.0	31390603.0	20	31303212.0	31308585.0
286	20	31377164.0	31390603.0	20	31303212.0	31308585.0
287	20	31377164.0	31390603.0	20	31404845.0	31412838.0
288	20	31377164.0	31390603.0	20	31404845.0	31412838.0
289	20	31377164.0	31390603.0	20	31404845.0	31412838.0
290	20	31377164.0	31390603.0	20	31404845.0	31412838.0
291	20	31377164.0	31390603.0	20	31404845.0	31412838.0
292	20	31377164.0	31390603.0	20	31404845.0	31412838.0
293	20	31377164.0	31390603.0	20	31404845.0	31412838.0
294	20	31377164.0	31390603.0	20	31404845.0	31412838.0
295	20	31377164.0	31390603.0	20	31404845.0	31412838.0
296	20	31377164.0	31390603.0	20	31404845.0	31412838.0
297	20	31377164.0	31390603.0	20	31404845.0	31412838.0
298	20	31377164.0	31390603.0	20	31404845.0	31412838.0
299	20	31377164.0	31390603.0	20	87250.0	97094.0
300	20	31377164.0	31390603.0	20	87250.0	97094.0
301	20	31377164.0	31390603.0	20	87250.0	97094.0
302	20	31377164.0	31390603.0	20	87250.0	97094.0
303	20	31377164.0	31390603.0	20	87250.0	97094.0
304	20	31377164.0	31390603.0	20	87250.0	97094.0
305	20	31377164.0	31390603.0	20	87250.0	97094.0
306	20	31377164.0	31390603.0	20	87250.0	97094.0
307	20	31377164.0	31390603.0	20	87250.0	97094.0
308	20	31440519.0	31450257.0	20	31257664.0	31259632.0
309	20	31440519.0	31450257.0	20	31257664.0	31259632.0
310	20	31440519.0	31450257.0	20	31257664.0	31259632.0
311	20	31440519.0	31450257.0	20	31257664.0	31259632.0
312	20	31440519.0	31450257.0	20	31257664.0	31259632.0
313	20	31440519.0	31450257.0	20	31257664.0	31259632.0
314	20	31440519.0	31450257.0	20	31257664.0	31259632.0
315	20	31440519.0	31450257.0	20	31257664.0	31259632.0
316	20	31440519.0	31450257.0	20	31257664.0	31259632.0
317	20	31440519.0	31450257.0	20	31257664.0	31259632.0
318	20	31440519.0	31450257.0	20	31257664.0	31259632.0
319	20	31440519.0	31450257.0	20	257736.0	261096.0
320	20	31440519.0	31450257.0	20	257736.0	261096.0
321	20	31440519.0	31450257.0	20	257736.0	261096.0
322	20	31440519.0	31450257.0	20	257736.0	261096.0
323	20	31440519.0	31450257.0	20	257736.0	261096.0
324	20	31440519.0	31450257.0	20	257736.0	261096.0
325	20	31440519.0	31450257.0	20	31303212.0	31308585.0
326	20	31440519.0	31450257.0	20	31303212.0	31308585.0
327	20	31440519.0	31450257.0	20	31303212.0	31308585.0
328	20	31440519.0	31450257.0	20	31303212.0	31308585.0
329	20	31440519.0	31450257.0	20	31303212.0	31308585.0
330	20	31440519.0	31450257.0	20	31303212.0	31308585.0
331	20	31440519.0	31450257.0	20	31303212.0	31308585.0
332	20	31440519.0	31450257.0	20	31303212.0	31308585.0
333	20	31440519.0	31450257.0	20	31303212.0	31308585.0
334	20	31440519.0	31450257.0	20	31303212.0	31308585.0
335	20	31440519.0	31450257.0	20	157470.0	159163.0
336	20	31440519.0	31450257.0	20	157470.0	159163.0
337	20	31440519.0	31450257.0	20	157470.0	159163.0
338	20	31440519.0	31450257.0	20	157470.0	159163.0
339	20	31440519.0	31450257.0	20	157470.0	159163.0
340	20	31440519.0	31450257.0	20	157470.0	159163.0
341	20	31440519.0	31450257.0	20	157470.0	159163.0
342	20	31440519.0	31450257.0	20	31404845.0	31412838.0
343	20	31440519.0	31450257.0	20	31404845.0	31412838.0
344	20	31440519.0	31450257.0	20	31404845.0	31412838.0
345	20	31440519.0	31450257.0	20	31404845.0	31412838.0
346	20	31440519.0	31450257.0	20	31404845.0	31412838.0
347	20	31440519.0	31450257.0	20	31404845.0	31412838.0
348	20	31440519.0	31450257.0	20	31404845.0	31412838.0
349	20	31440519.0	31450257.0	20	31404845.0	31412838.0
350	20	31440519.0	31450257.0	20	31404845.0	31412838.0
351	20	31440519.0	31450257.0	20	31404845.0	31412838.0
352	20	31440519.0	31450257.0	20	31404845.0	31412838.0
353	20	31440519.0	31450257.0	20	31404845.0	31412838.0
354	20	31440519.0	31450257.0	20	87250.0	97094.0
355	20	31440519.0	31450257.0	20	87250.0	97094.0
356	20	31440519.0	31450257.0	20	87250.0	97094.0
357	20	31440519.0	31450257.0	20	87250.0	97094.0
358	20	31440519.0	31450257.0	20	87250.0	97094.0
359	20	31440519.0	31450257.0	20	87250.0	97094.0
360	20	31440519.0	31450257.0	20	87250.0	97094.0
361	20	31440519.0	31450257.0	20	87250.0	97094.0
362	20	31440519.0	31450257.0	20	87250.0	97094.0
363	20	31440519.0	31450257.0	20	142369.0	145751.0
364	20	31440519.0	31450257.0	20	142369.0	145751.0
365	20	31440519.0	31450257.0	20	142369.0	145751.0
366	20	31440519.0	31450257.0	20	142369.0	145751.0
367	20	31440519.0	31450257.0	20	142369.0	145751.0
368	20	31440519.0	31450257.0	20	142369.0	145751.0
369	20	31440519.0	31450257.0	20	142369.0	145751.0
370	20	31440519.0	31450257.0	20	142369.0	145751.0
371	20	31440519.0	31450257.0	20	31377164.0	31390603.0
372	20	31440519.0	31450257.0	20	31377164.0	31390603.0
373	20	31440519.0	31450257.0	20	31377164.0	31390603.0
374	20	31440519.0	31450257.0	20	31377164.0	31390603.0
375	20	31440519.0	31450257.0	20	31377164.0	31390603.0
376	20	31465506.0	31476757.0	20	87250.0	97094.0
377	20	31465506.0	31476757.0	20	87250.0	97094.0
378	20	31465506.0	31476757.0	20	87250.0	97094.0
379	20	31465506.0	31476757.0	20	87250.0	97094.0
380	20	31465506.0	31476757.0	20	87250.0	97094.0
381	20	31465506.0	31476757.0	20	87250.0	97094.0
382	20	31465506.0	31476757.0	20	87250.0	97094.0
383	20	31465506.0	31476757.0	20	87250.0	97094.0
384	20	31465506.0	31476757.0	20	87250.0	97094.0
385	20	31465506.0	31476757.0	20	31257664.0	31259632.0
386	20	31465506.0	31476757.0	20	31257664.0	31259632.0
387	20	31465506.0	31476757.0	20	31257664.0	31259632.0
388	20	31465506.0	31476757.0	20	31257664.0	31259632.0
389	20	31465506.0	31476757.0	20	31257664.0	31259632.0
390	20	31465506.0	31476757.0	20	31257664.0	31259632.0
391	20	31465506.0	31476757.0	20	31257664.0	31259632.0
392	20	31465506.0	31476757.0	20	31257664.0	31259632.0
393	20	31465506.0	31476757.0	20	31257664.0	31259632.0
394	20	31465506.0	31476757.0	20	31257664.0	31259632.0
395	20	31465506.0	31476757.0	20	31257664.0	31259632.0
396	20	31465506.0	31476757.0	20	31303212.0	31308585.0
397	20	31465506.0	31476757.0	20	31303212.0	31308585.0
398	20	31465506.0	31476757.0	20	31303212.0	31308585.0
399	20	31465506.0	31476757.0	20	31303212.0	31308585.0
400	20	31465506.0	31476757.0	20	31303212.0	31308585.0
401	20	31465506.0	31476757.0	20	31303212.0	31308585.0
402	20	31465506.0	31476757.0	20	31303212.0	31308585.0
403	20	31465506.0	31476757.0	20	31303212.0	31308585.0
404	20	31465506.0	31476757.0	20	31303212.0	31308585.0
405	20	31465506.0	31476757.0	20	31303212.0	31308585.0
406	20	31465506.0	31476757.0	20	187853.0	189681.0
407	20	31465506.0	31476757.0	20	187853.0	189681.0
408	20	31465506.0	31476757.0	20	187853.0	189681.0
409	20	31465506.0	31476757.0	20	257736.0	261096.0
410	20	31465506.0	31476757.0	20	257736.0	261096.0
411	20	31465506.0	31476757.0	20	257736.0	261096.0
412	20	31465506.0	31476757.0	20	257736.0	261096.0
413	20	31465506.0	31476757.0	20	257736.0	261096.0
414	20	31465506.0	31476757.0	20	257736.0	261096.0
415	20	31465506.0	31476757.0	20	157470.0	159163.0
416	20	31465506.0	31476757.0	20	157470.0	159163.0
417	20	31465506.0	31476757.0	20	157470.0	159163.0
418	20	31465506.0	31476757.0	20	157470.0	159163.0
419	20	31465506.0	31476757.0	20	157470.0	159163.0
420	20	31465506.0	31476757.0	20	157470.0	159163.0
421	20	31465506.0	31476757.0	20	157470.0	159163.0
422	20	31465506.0	31476757.0	20	31404845.0	31412838.0
423	20	31465506.0	31476757.0	20	31404845.0	31412838.0
424	20	31465506.0	31476757.0	20	31404845.0	31412838.0
425	20	31465506.0	31476757.0	20	31404845.0	31412838.0
426	20	31465506.0	31476757.0	20	31404845.0	31412838.0
427	20	31465506.0	31476757.0	20	31404845.0	31412838.0
428	20	31465506.0	31476757.0	20	31404845.0	31412838.0
429	20	31465506.0	31476757.0	20	31404845.0	31412838.0
430	20	31465506.0	31476757.0	20	31404845.0	31412838.0
431	20	31465506.0	31476757.0	20	31404845.0	31412838.0
432	20	31465506.0	31476757.0	20	31404845.0	31412838.0
433	20	31465506.0	31476757.0	20	31404845.0	31412838.0
434	20	31465506.0	31476757.0	20	142369.0	145751.0
435	20	31465506.0	31476757.0	20	142369.0	145751.0
436	20	31465506.0	31476757.0	20	142369.0	145751.0
437	20	31465506.0	31476757.0	20	142369.0	145751.0
438	20	31465506.0	31476757.0	20	142369.0	145751.0
439	20	31465506.0	31476757.0	20	142369.0	145751.0
440	20	31465506.0	31476757.0	20	142369.0	145751.0
441	20	31465506.0	31476757.0	20	142369.0	145751.0
442	20	31465506.0	31476757.0	20	31440519.0	31450257.0
443	20	31465506.0	31476757.0	20	31440519.0	31450257.0
444	20	31465506.0	31476757.0	20	31440519.0	31450257.0
445	20	31465506.0	31476757.0	20	31440519.0	31450257.0
446	20	31465506.0	31476757.0	20	31377164.0	31390603.0
447	20	31465506.0	31476757.0	20	31377164.0	31390603.0
448	20	31465506.0	31476757.0	20	31377164.0	31390603.0
449	20	31465506.0	31476757.0	20	31377164.0	31390603.0
450	20	31465506.0	31476757.0	20	31377164.0	31390603.0
451	20	87250.0	97094.0	20	31404845.0	31412838.0
452	20	87250.0	97094.0	20	31404845.0	31412838.0
453	20	87250.0	97094.0	20	31404845.0	31412838.0
454	20	87250.0	97094.0	20	31404845.0	31412838.0
455	20	87250.0	97094.0	20	31404845.0	31412838.0
456	20	87250.0	97094.0	20	31404845.0	31412838.0
457	20	87250.0	97094.0	20	31404845.0	31412838.0
458	20	87250.0	97094.0	20	31404845.0	31412838.0
459	20	87250.0	97094.0	20	31404845.0	31412838.0
460	20	87250.0	97094.0	20	31404845.0	31412838.0
461	20	87250.0	97094.0	20	31404845.0	31412838.0
462	20	87250.0	97094.0	20	31404845.0	31412838.0
463	20	87250.0	97094.0	20	31257664.0	31259632.0
464	20	87250.0	97094.0	20	31257664.0	31259632.0
465	20	87250.0	97094.0	20	31257664.0	31259632.0
466	20	87250.0	97094.0	20	31257664.0	31259632.0
467	20	87250.0	97094.0	20	31257664.0	31259632.0
468	20	87250.0	97094.0	20	31257664.0	31259632.0
469	20	87250.0	97094.0	20	31257664.0	31259632.0
470	20	87250.0	97094.0	20	31257664.0	31259632.0
471	20	87250.0	97094.0	20	31257664.0	31259632.0
472	20	87250.0	97094.0	20	31257664.0	31259632.0
473	20	87250.0	97094.0	20	31257664.0	31259632.0
474	20	87250.0	97094.0	20	31303212.0	31308585.0
475	20	87250.0	97094.0	20	31303212.0	31308585.0
476	20	87250.0	97094.0	20	31303212.0	31308585.0
477	20	87250.0	97094.0	20	31303212.0	31308585.0
478	20	87250.0	97094.0	20	31303212.0	31308585.0
479	20	87250.0	97094.0	20	31303212.0	31308585.0
480	20	87250.0	97094.0	20	31303212.0	31308585.0
481	20	87250.0	97094.0	20	31303212.0	31308585.0
482	20	87250.0	97094.0	20	31303212.0	31308585.0
483	20	87250.0	97094.0	20	31303212.0	31308585.0
484	20	142369.0	145751.0	20	31257664.0	31259632.0
485	20	142369.0	145751.0	20	31257664.0	31259632.0
486	20	142369.0	145751.0	20	31257664.0	31259632.0
487	20	142369.0	145751.0	20	31257664.0	31259632.0
488	20	142369.0	145751.0	20	31257664.0	31259632.0
489	20	142369.0	145751.0	20	31257664.0	31259632.0
490	20	142369.0	145751.0	20	31257664.0	31259632.0
491	20	142369.0	145751.0	20	31257664.0	31259632.0
492	20	142369.0	145751.0	20	31257664.0	31259632.0
493	20	142369.0	145751.0	20	31257664.0	31259632.0
494	20	142369.0	145751.0	20	31257664.0	31259632.0
495	20	142369.0	145751.0	20	31303212.0	31308585.0
496	20	142369.0	145751.0	20	31303212.0	31308585.0
497	20	142369.0	145751.0	20	31303212.0	31308585.0
498	20	142369.0	145751.0	20	31303212.0	31308585.0
499	20	142369.0	145751.0	20	31303212.0	31308585.0
500	20	142369.0	145751.0	20	31303212.0	31308585.0
501	20	142369.0	145751.0	20	31303212.0	31308585.0
502	20	142369.0	145751.0	20	31303212.0	31308585.0
503	20	142369.0	145751.0	20	31303212.0	31308585.0
504	20	142369.0	145751.0	20	31303212.0	31308585.0
505	20	142369.0	145751.0	20	31404845.0	31412838.0
506	20	142369.0	145751.0	20	31404845.0	31412838.0
507	20	142369.0	145751.0	20	31404845.0	31412838.0
508	20	142369.0	145751.0	20	31404845.0	31412838.0
509	20	142369.0	145751.0	20	31404845.0	31412838.0
510	20	142369.0	145751.0	20	31404845.0	31412838.0
511	20	142369.0	145751.0	20	31404845.0	31412838.0
512	20	142369.0	145751.0	20	31404845.0	31412838.0
513	20	142369.0	145751.0	20	31404845.0	31412838.0
514	20	142369.0	145751.0	20	31404845.0	31412838.0
515	20	142369.0	145751.0	20	31404845.0	31412838.0
516	20	142369.0	145751.0	20	31404845.0	31412838.0
517	20	142369.0	145751.0	20	87250.0	97094.0
518	20	142369.0	145751.0	20	87250.0	97094.0
519	20	142369.0	145751.0	20	87250.0	97094.0
520	20	142369.0	145751.0	20	87250.0	97094.0
521	20	142369.0	145751.0	20	87250.0	97094.0
522	20	142369.0	145751.0	20	87250.0	97094.0
523	20	142369.0	145751.0	20	87250.0	97094.0
524	20	142369.0	145751.0	20	87250.0	97094.0
525	20	142369.0	145751.0	20	87250.0	97094.0
526	20	157470.0	159163.0	20	31257664.0	31259632.0
527	20	157470.0	159163.0	20	31257664.0	31259632.0
528	20	157470.0	159163.0	20	31257664.0	31259632.0
529	20	157470.0	159163.0	20	31257664.0	31259632.0
530	20	157470.0	159163.0	20	31257664.0	31259632.0
531	20	157470.0	159163.0	20	31257664.0	31259632.0
532	20	157470.0	159163.0	20	31257664.0	31259632.0
533	20	157470.0	159163.0	20	31257664.0	31259632.0
534	20	157470.0	159163.0	20	31257664.0	31259632.0
535	20	157470.0	159163.0	20	31257664.0	31259632.0
536	20	157470.0	159163.0	20	31257664.0	31259632.0
537	20	157470.0	159163.0	20	87250.0	97094.0
538	20	157470.0	159163.0	20	87250.0	97094.0
539	20	157470.0	159163.0	20	87250.0	97094.0
540	20	157470.0	159163.0	20	87250.0	97094.0
541	20	157470.0	159163.0	20	87250.0	97094.0
542	20	157470.0	159163.0	20	87250.0	97094.0
543	20	157470.0	159163.0	20	87250.0	97094.0
544	20	157470.0	159163.0	20	87250.0	97094.0
545	20	157470.0	159163.0	20	87250.0	97094.0
546	20	157470.0	159163.0	20	31404845.0	31412838.0
547	20	157470.0	159163.0	20	31404845.0	31412838.0
548	20	157470.0	159163.0	20	31404845.0	31412838.0
549	20	157470.0	159163.0	20	31404845.0	31412838.0
550	20	157470.0	159163.0	20	31404845.0	31412838.0
551	20	157470.0	159163.0	20	31404845.0	31412838.0
552	20	157470.0	159163.0	20	31404845.0	31412838.0
553	20	157470.0	159163.0	20	31404845.0	31412838.0
554	20	157470.0	159163.0	20	31404845.0	31412838.0
555	20	157470.0	159163.0	20	31404845.0	31412838.0
556	20	157470.0	159163.0	20	31404845.0	31412838.0
557	20	157470.0	159163.0	20	31404845.0	31412838.0
558	20	157470.0	159163.0	20	142369.0	145751.0
559	20	157470.0	159163.0	20	142369.0	145751.0
560	20	157470.0	159163.0	20	142369.0	145751.0
561	20	157470.0	159163.0	20	142369.0	145751.0
562	20	157470.0	159163.0	20	142369.0	145751.0
563	20	157470.0	159163.0	20	142369.0	145751.0
564	20	157470.0	159163.0	20	142369.0	145751.0
565	20	157470.0	159163.0	20	142369.0	145751.0
566	20	157470.0	159163.0	20	31303212.0	31308585.0
567	20	157470.0	159163.0	20	31303212.0	31308585.0
568	20	157470.0	159163.0	20	31303212.0	31308585.0
569	20	157470.0	159163.0	20	31303212.0	31308585.0
570	20	157470.0	159163.0	20	31303212.0	31308585.0
571	20	157470.0	159163.0	20	31303212.0	31308585.0
572	20	157470.0	159163.0	20	31303212.0	31308585.0
573	20	157470.0	159163.0	20	31303212.0	31308585.0
574	20	157470.0	159163.0	20	31303212.0	31308585.0
575	20	157470.0	159163.0	20	31303212.0	31308585.0
576	20	187853.0	189681.0	20	87250.0	97094.0
577	20	187853.0	189681.0	20	87250.0	97094.0
578	20	187853.0	189681.0	20	87250.0	97094.0
579	20	187853.0	189681.0	20	87250.0	97094.0
580	20	187853.0	189681.0	20	87250.0	97094.0
581	20	187853.0	189681.0	20	87250.0	97094.0
582	20	187853.0	189681.0	20	87250.0	97094.0
583	20	187853.0	189681.0	20	87250.0	97094.0
584	20	187853.0	189681.0	20	87250.0	97094.0
585	20	187853.0	189681.0	20	31404845.0	31412838.0
586	20	187853.0	189681.0	20	31404845.0	31412838.0
587	20	187853.0	189681.0	20	31404845.0	31412838.0
588	20	187853.0	189681.0	20	31404845.0	31412838.0
589	20	187853.0	189681.0	20	31404845.0	31412838.0
590	20	187853.0	189681.0	20	31404845.0	31412838.0
591	20	187853.0	189681.0	20	31404845.0	31412838.0
592	20	187853.0	189681.0	20	31404845.0	31412838.0
593	20	187853.0	189681.0	20	31404845.0	31412838.0
594	20	187853.0	189681.0	20	31404845.0	31412838.0
595	20	187853.0	189681.0	20	31404845.0	31412838.0
596	20	187853.0	189681.0	20	31404845.0	31412838.0
597	20	187853.0	189681.0	20	142369.0	145751.0
598	20	187853.0	189681.0	20	142369.0	145751.0
599	20	187853.0	189681.0	20	142369.0	145751.0
600	20	187853.0	189681.0	20	142369.0	145751.0
601	20	187853.0	189681.0	20	142369.0	145751.0
602	20	187853.0	189681.0	20	142369.0	145751.0
603	20	187853.0	189681.0	20	142369.0	145751.0
604	20	187853.0	189681.0	20	142369.0	145751.0
605	20	187853.0	189681.0	20	31440519.0	31450257.0
606	20	187853.0	189681.0	20	31440519.0	31450257.0
607	20	187853.0	189681.0	20	31440519.0	31450257.0
608	20	187853.0	189681.0	20	31440519.0	31450257.0
609	20	187853.0	189681.0	20	31257664.0	31259632.0
610	20	187853.0	189681.0	20	31257664.0	31259632.0
611	20	187853.0	189681.0	20	31257664.0	31259632.0
612	20	187853.0	189681.0	20	31257664.0	31259632.0
613	20	187853.0	189681.0	20	31257664.0	31259632.0
614	20	187853.0	189681.0	20	31257664.0	31259632.0
615	20	187853.0	189681.0	20	31257664.0	31259632.0
616	20	187853.0	189681.0	20	31257664.0	31259632.0
617	20	187853.0	189681.0	20	31257664.0	31259632.0
618	20	187853.0	189681.0	20	31257664.0	31259632.0
619	20	187853.0	189681.0	20	31257664.0	31259632.0
620	20	187853.0	189681.0	20	31303212.0	31308585.0
621	20	187853.0	189681.0	20	31303212.0	31308585.0
622	20	187853.0	189681.0	20	31303212.0	31308585.0
623	20	187853.0	189681.0	20	31303212.0	31308585.0
624	20	187853.0	189681.0	20	31303212.0	31308585.0
625	20	187853.0	189681.0	20	31303212.0	31308585.0
626	20	187853.0	189681.0	20	31303212.0	31308585.0
627	20	187853.0	189681.0	20	31303212.0	31308585.0
628	20	187853.0	189681.0	20	31303212.0	31308585.0
629	20	187853.0	189681.0	20	31303212.0	31308585.0
630	20	187853.0	189681.0	20	157470.0	159163.0
631	20	187853.0	189681.0	20	157470.0	159163.0
632	20	187853.0	189681.0	20	157470.0	159163.0
633	20	187853.0	189681.0	20	157470.0	159163.0
634	20	187853.0	189681.0	20	157470.0	159163.0
635	20	187853.0	189681.0	20	157470.0	159163.0
636	20	187853.0	189681.0	20	157470.0	159163.0
637	20	187853.0	189681.0	20	31377164.0	31390603.0
638	20	187853.0	189681.0	20	31377164.0	31390603.0
639	20	187853.0	189681.0	20	31377164.0	31390603.0
640	20	187853.0	189681.0	20	31377164.0	31390603.0
641	20	187853.0	189681.0	20	31377164.0	31390603.0
642	20	187853.0	189681.0	20	257736.0	261096.0
643	20	187853.0	189681.0	20	257736.0	261096.0
644	20	187853.0	189681.0	20	257736.0	261096.0
645	20	187853.0	189681.0	20	257736.0	261096.0
646	20	187853.0	189681.0	20	257736.0	261096.0
647	20	187853.0	189681.0	20	257736.0	261096.0
648	20	227258.0	229886.0	20	142369.0	145751.0
649	20	227258.0	229886.0	20	142369.0	145751.0
650	20	227258.0	229886.0	20	142369.0	145751.0
651	20	227258.0	229886.0	20	142369.0	145751.0
652	20	227258.0	229886.0	20	142369.0	145751.0
653	20	227258.0	229886.0	20	142369.0	145751.0
654	20	227258.0	229886.0	20	142369.0	145751.0
655	20	227258.0	229886.0	20	142369.0	145751.0
656	20	227258.0	229886.0	20	31368618.0	31373923.0
657	20	227258.0	229886.0	20	31257664.0	31259632.0
658	20	227258.0	229886.0	20	31257664.0	31259632.0
659	20	227258.0	229886.0	20	31257664.0	31259632.0
660	20	227258.0	229886.0	20	31257664.0	31259632.0
661	20	227258.0	229886.0	20	31257664.0	31259632.0
662	20	227258.0	229886.0	20	31257664.0	31259632.0
663	20	227258.0	229886.0	20	31257664.0	31259632.0
664	20	227258.0	229886.0	20	31257664.0	31259632.0
665	20	227258.0	229886.0	20	31257664.0	31259632.0
666	20	227258.0	229886.0	20	31257664.0	31259632.0
667	20	227258.0	229886.0	20	31257664.0	31259632.0
668	20	227258.0	229886.0	20	257736.0	261096.0
669	20	227258.0	229886.0	20	257736.0	261096.0
670	20	227258.0	229886.0	20	257736.0	261096.0
671	20	227258.0	229886.0	20	257736.0	261096.0
672	20	227258.0	229886.0	20	257736.0	261096.0
673	20	227258.0	229886.0	20	257736.0	261096.0
674	20	227258.0	229886.0	20	187853.0	189681.0
675	20	227258.0	229886.0	20	187853.0	189681.0
676	20	227258.0	229886.0	20	187853.0	189681.0
677	20	227258.0	229886.0	20	31404845.0	31412838.0
678	20	227258.0	229886.0	20	31404845.0	31412838.0
679	20	227258.0	229886.0	20	31404845.0	31412838.0
680	20	227258.0	229886.0	20	31404845.0	31412838.0
681	20	227258.0	229886.0	20	31404845.0	31412838.0
682	20	227258.0	229886.0	20	31404845.0	31412838.0
683	20	227258.0	229886.0	20	31404845.0	31412838.0
684	20	227258.0	229886.0	20	31404845.0	31412838.0
685	20	227258.0	229886.0	20	31404845.0	31412838.0
686	20	227258.0	229886.0	20	31404845.0	31412838.0
687	20	227258.0	229886.0	20	31404845.0	31412838.0
688	20	227258.0	229886.0	20	31404845.0	31412838.0
689	20	227258.0	229886.0	20	31303212.0	31308585.0
690	20	227258.0	229886.0	20	31303212.0	31308585.0
691	20	227258.0	229886.0	20	31303212.0	31308585.0
692	20	227258.0	229886.0	20	31303212.0	31308585.0
693	20	227258.0	229886.0	20	31303212.0	31308585.0
694	20	227258.0	229886.0	20	31303212.0	31308585.0
695	20	227258.0	229886.0	20	31303212.0	31308585.0
696	20	227258.0	229886.0	20	31303212.0	31308585.0
697	20	227258.0	229886.0	20	31303212.0	31308585.0
698	20	227258.0	229886.0	20	31303212.0	31308585.0
699	20	227258.0	229886.0	20	157470.0	159163.0
700	20	227258.0	229886.0	20	157470.0	159163.0
701	20	227258.0	229886.0	20	157470.0	159163.0
702	20	227258.0	229886.0	20	157470.0	159163.0
703	20	227258.0	229886.0	20	157470.0	159163.0
704	20	227258.0	229886.0	20	157470.0	159163.0
705	20	227258.0	229886.0	20	157470.0	159163.0
706	20	227258.0	229886.0	20	31377164.0	31390603.0
707	20	227258.0	229886.0	20	31377164.0	31390603.0
708	20	227258.0	229886.0	20	31377164.0	31390603.0
709	20	227258.0	229886.0	20	31377164.0	31390603.0
710	20	227258.0	229886.0	20	31377164.0	31390603.0
711	20	227258.0	229886.0	20	31440519.0	31450257.0
712	20	227258.0	229886.0	20	31440519.0	31450257.0
713	20	227258.0	229886.0	20	31440519.0	31450257.0
714	20	227258.0	229886.0	20	31440519.0	31450257.0
715	20	227258.0	229886.0	20	87250.0	97094.0
716	20	227258.0	229886.0	20	87250.0	97094.0
717	20	227258.0	229886.0	20	87250.0	97094.0
718	20	227258.0	229886.0	20	87250.0	97094.0
719	20	227258.0	229886.0	20	87250.0	97094.0
720	20	227258.0	229886.0	20	87250.0	97094.0
721	20	227258.0	229886.0	20	87250.0	97094.0
722	20	227258.0	229886.0	20	87250.0	97094.0
723	20	227258.0	229886.0	20	87250.0	97094.0
724	20	227258.0	229886.0	20	31465506.0	31476757.0
725	20	227258.0	229886.0	20	31465506.0	31476757.0
726	20	257736.0	261096.0	20	31404845.0	31412838.0
727	20	257736.0	261096.0	20	31404845.0	31412838.0
728	20	257736.0	261096.0	20	31404845.0	31412838.0
729	20	257736.0	261096.0	20	31404845.0	31412838.0
730	20	257736.0	261096.0	20	31404845.0	31412838.0
731	20	257736.0	261096.0	20	31404845.0	31412838.0
732	20	257736.0	261096.0	20	31404845.0	31412838.0
733	20	257736.0	261096.0	20	31404845.0	31412838.0
734	20	257736.0	261096.0	20	31404845.0	31412838.0
735	20	257736.0	261096.0	20	31404845.0	31412838.0
736	20	257736.0	261096.0	20	31404845.0	31412838.0
737	20	257736.0	261096.0	20	31404845.0	31412838.0
738	20	257736.0	261096.0	20	142369.0	145751.0
739	20	257736.0	261096.0	20	142369.0	145751.0
740	20	257736.0	261096.0	20	142369.0	145751.0
741	20	257736.0	261096.0	20	142369.0	145751.0
742	20	257736.0	261096.0	20	142369.0	145751.0
743	20	257736.0	261096.0	20	142369.0	145751.0
744	20	257736.0	261096.0	20	142369.0	145751.0
745	20	257736.0	261096.0	20	142369.0	145751.0
746	20	257736.0	261096.0	20	31257664.0	31259632.0
747	20	257736.0	261096.0	20	31257664.0	31259632.0
748	20	257736.0	261096.0	20	31257664.0	31259632.0
749	20	257736.0	261096.0	20	31257664.0	31259632.0
750	20	257736.0	261096.0	20	31257664.0	31259632.0
751	20	257736.0	261096.0	20	31257664.0	31259632.0
752	20	257736.0	261096.0	20	31257664.0	31259632.0
753	20	257736.0	261096.0	20	31257664.0	31259632.0
754	20	257736.0	261096.0	20	31257664.0	31259632.0
755	20	257736.0	261096.0	20	31257664.0	31259632.0
756	20	257736.0	261096.0	20	31257664.0	31259632.0
757	20	257736.0	261096.0	20	87250.0	97094.0
758	20	257736.0	261096.0	20	87250.0	97094.0
759	20	257736.0	261096.0	20	87250.0	97094.0
760	20	257736.0	261096.0	20	87250.0	97094.0
761	20	257736.0	261096.0	20	87250.0	97094.0
762	20	257736.0	261096.0	20	87250.0	97094.0
763	20	257736.0	261096.0	20	87250.0	97094.0
764	20	257736.0	261096.0	20	87250.0	97094.0
765	20	257736.0	261096.0	20	87250.0	97094.0
766	20	257736.0	261096.0	20	31303212.0	31308585.0
767	20	257736.0	261096.0	20	31303212.0	31308585.0
768	20	257736.0	261096.0	20	31303212.0	31308585.0
769	20	257736.0	261096.0	20	31303212.0	31308585.0
770	20	257736.0	261096.0	20	31303212.0	31308585.0
771	20	257736.0	261096.0	20	31303212.0	31308585.0
772	20	257736.0	261096.0	20	31303212.0	31308585.0
773	20	257736.0	261096.0	20	31303212.0	31308585.0
774	20	257736.0	261096.0	20	31303212.0	31308585.0
775	20	257736.0	261096.0	20	31303212.0	31308585.0
776	20	257736.0	261096.0	20	157470.0	159163.0
777	20	257736.0	261096.0	20	157470.0	159163.0
778	20	257736.0	261096.0	20	157470.0	159163.0
779	20	257736.0	261096.0	20	157470.0	159163.0
780	20	257736.0	261096.0	20	157470.0	159163.0
781	20	257736.0	261096.0	20	157470.0	159163.0
782	20	257736.0	261096.0	20	157470.0	159163.0
783	20	54475597.0	54651171.0	20	3659292.0	3663399.0
784	20	54475597.0	54651171.0	20	3659292.0	3663399.0
785	20	36751791.0	36773818.0	20	32819893.0	32850405.0
786	20	36751791.0	36773818.0	20	32819893.0	32850405.0
787	20	36751791.0	36773818.0	20	32819893.0	32850405.0
788	20	36751791.0	36773818.0	20	32819893.0	32850405.0
789	20	34516409.0	34540958.0	20	32277664.0	32335011.0
790	20	34516409.0	34540958.0	20	32277664.0	32335011.0
791	20	34516409.0	34540958.0	20	32277664.0	32335011.0
792	20	34516409.0	34540958.0	20	43590931.0	43647296.0
793	20	33675683.0	33686404.0	20	5114953.0	5126626.0
794	20	33675683.0	33686404.0	20	5114953.0	5126626.0
795	20	33675683.0	33686404.0	20	5114953.0	5126626.0
796	20	33675683.0	33686404.0	20	36996349.0	37095995.0
797	20	33675683.0	33686404.0	20	36996349.0	37095995.0
798	20	59300427.0	59325992.0	20	4220631.0	4249074.0
799	20	59300427.0	59325992.0	20	4220631.0	4249074.0
800	20	59300427.0	59325992.0	20	4220631.0	4249074.0
801	20	59300427.0	59325992.0	20	4220631.0	4249074.0
802	20	59300427.0	59325992.0	20	4220631.0	4249074.0
803	20	59300427.0	59325992.0	20	4220631.0	4249074.0
804	20	59300427.0	59325992.0	20	4220631.0	4249074.0
805	20	59300427.0	59325992.0	20	8077251.0	8968360.0
806	20	59300427.0	59325992.0	20	8077251.0	8968360.0
807	20	59300427.0	59325992.0	20	8077251.0	8968360.0
808	20	59300427.0	59325992.0	20	8077251.0	8968360.0
809	20	59300427.0	59325992.0	20	8077251.0	8968360.0
810	20	59300427.0	59325992.0	20	8077251.0	8968360.0
811	20	59300427.0	59325992.0	20	62708837.0	62762771.0
812	20	59300427.0	59325992.0	20	62708837.0	62762771.0
813	20	59300427.0	59325992.0	20	62708837.0	62762771.0
814	20	59300427.0	59325992.0	20	62708837.0	62762771.0
815	20	59300427.0	59325992.0	20	62708837.0	62762771.0
816	20	59300427.0	59325992.0	20	62708837.0	62762771.0
817	20	59300427.0	59325992.0	20	3082556.0	3084724.0
818	20	59300427.0	59325992.0	20	3082556.0	3084724.0
819	20	59300427.0	59325992.0	20	3082556.0	3084724.0
820	20	59300427.0	59325992.0	20	3082556.0	3084724.0
821	20	59300427.0	59325992.0	20	3082556.0	3084724.0
822	20	59300427.0	59325992.0	20	3082556.0	3084724.0
823	20	59300427.0	59325992.0	20	3082556.0	3084724.0
824	20	59300427.0	59325992.0	20	3082556.0	3084724.0
825	20	59300427.0	59325992.0	20	3082556.0	3084724.0
826	20	59300427.0	59325992.0	20	3082556.0	3084724.0
827	20	25195693.0	25226729.0	20	3208868.0	3223870.0
828	20	25195693.0	25226729.0	20	3208868.0	3223870.0
829	20	25195693.0	25226729.0	20	3208868.0	3223870.0
830	20	13714322.0	13784886.0	20	49219295.0	49244077.0
831	20	13714322.0	13784886.0	20	2652145.0	2658393.0
832	20	13714322.0	13784886.0	20	2652145.0	2658393.0
833	20	13714322.0	13784886.0	20	2652145.0	2658393.0
834	20	13714322.0	13784886.0	20	2652145.0	2658393.0
835	20	1368978.0	1393172.0	20	57168748.0	57266629.0
836	20	1368978.0	1393172.0	20	57168748.0	57266629.0
837	20	1368978.0	1393172.0	20	51386957.0	51562831.0
838	20	1368978.0	1393172.0	20	51386957.0	51562831.0
839	20	22581005.0	22585455.0	20	57561080.0	57568112.0
840	20	37251082.0	37261835.0	20	56248732.0	56249815.0
841	20	37251082.0	37261835.0	20	3082556.0	3084724.0
842	20	37251082.0	37261835.0	20	3082556.0	3084724.0
843	20	37251082.0	37261835.0	20	3082556.0	3084724.0
844	20	37251082.0	37261835.0	20	3082556.0	3084724.0
845	20	37251082.0	37261835.0	20	3082556.0	3084724.0
846	20	37251082.0	37261835.0	20	3082556.0	3084724.0
847	20	37251082.0	37261835.0	20	3082556.0	3084724.0
848	20	37251082.0	37261835.0	20	3082556.0	3084724.0
849	20	37251082.0	37261835.0	20	3082556.0	3084724.0
850	20	37251082.0	37261835.0	20	3082556.0	3084724.0
851	20	3043622.0	3045747.0	20	4220631.0	4249074.0
852	20	3043622.0	3045747.0	20	4220631.0	4249074.0
853	20	3043622.0	3045747.0	20	4220631.0	4249074.0
854	20	3043622.0	3045747.0	20	4220631.0	4249074.0
855	20	3043622.0	3045747.0	20	4220631.0	4249074.0
856	20	3043622.0	3045747.0	20	4220631.0	4249074.0
857	20	3043622.0	3045747.0	20	4220631.0	4249074.0
858	20	3043622.0	3045747.0	20	59300427.0	59325992.0
859	20	3043622.0	3045747.0	20	59300427.0	59325992.0
860	20	3043622.0	3045747.0	20	59300427.0	59325992.0
861	20	3043622.0	3045747.0	20	59300427.0	59325992.0
862	20	3043622.0	3045747.0	20	8077251.0	8968360.0
863	20	3043622.0	3045747.0	20	8077251.0	8968360.0
864	20	3043622.0	3045747.0	20	8077251.0	8968360.0
865	20	3043622.0	3045747.0	20	8077251.0	8968360.0
866	20	3043622.0	3045747.0	20	8077251.0	8968360.0
867	20	3043622.0	3045747.0	20	8077251.0	8968360.0
868	20	3043622.0	3045747.0	20	62708837.0	62762771.0
869	20	3043622.0	3045747.0	20	62708837.0	62762771.0
870	20	3043622.0	3045747.0	20	62708837.0	62762771.0
871	20	3043622.0	3045747.0	20	62708837.0	62762771.0
872	20	3043622.0	3045747.0	20	62708837.0	62762771.0
873	20	3043622.0	3045747.0	20	62708837.0	62762771.0
874	20	3043622.0	3045747.0	20	3082556.0	3084724.0
875	20	3043622.0	3045747.0	20	3082556.0	3084724.0
876	20	3043622.0	3045747.0	20	3082556.0	3084724.0
877	20	3043622.0	3045747.0	20	3082556.0	3084724.0
878	20	3043622.0	3045747.0	20	3082556.0	3084724.0
879	20	3043622.0	3045747.0	20	3082556.0	3084724.0
880	20	3043622.0	3045747.0	20	3082556.0	3084724.0
881	20	3043622.0	3045747.0	20	3082556.0	3084724.0
882	20	3043622.0	3045747.0	20	3082556.0	3084724.0
883	20	3043622.0	3045747.0	20	3082556.0	3084724.0
884	20	3043622.0	3045747.0	20	9068763.0	9481242.0
885	20	3043622.0	3045747.0	20	9068763.0	9481242.0
886	20	3043622.0	3045747.0	20	9068763.0	9481242.0
887	20	3043622.0	3045747.0	20	9068763.0	9481242.0
888	20	34928430.0	34955817.0	20	34844720.0	34872860.0
889	20	44355700.0	44434596.0	20	22581005.0	22585455.0
890	20	62214970.0	62220267.0	20	64105820.0	64107171.0
891	20	62214970.0	62220267.0	20	64105820.0	64107171.0
892	20	62214970.0	62220267.0	20	64105820.0	64107171.0
893	20	62214970.0	62220267.0	20	64105820.0	64107171.0
894	20	3732667.0	3753111.0	20	57351010.0	57379211.0
895	20	3732667.0	3753111.0	20	57351010.0	57379211.0
896	20	3732667.0	3753111.0	20	57351010.0	57379211.0
897	20	43590931.0	43647296.0	20	32277664.0	32335011.0
898	20	43590931.0	43647296.0	20	32277664.0	32335011.0
899	20	43590931.0	43647296.0	20	32277664.0	32335011.0
900	20	34363235.0	34511393.0	20	3846799.0	3876123.0
901	20	32277664.0	32335011.0	20	16272104.0	16573434.0
902	20	32277664.0	32335011.0	20	16272104.0	16573434.0
903	20	62307955.0	62367312.0	20	4686236.0	4701590.0
904	20	62307955.0	62367312.0	20	37344685.0	37406050.0
905	20	62307955.0	62367312.0	20	37344685.0	37406050.0
906	20	38346356.0	38377023.0	20	38260149.0	38337505.0
907	20	38346356.0	38377023.0	20	50190734.0	50192689.0
908	20	41340920.0	41360582.0	20	5126786.0	5197887.0
909	20	41340920.0	41360582.0	20	5126786.0	5197887.0
910	20	13995369.0	16053197.0	20	14322988.0	14337616.0
911	20	32819893.0	32850405.0	20	35455164.0	35519280.0
912	20	32819893.0	32850405.0	20	35455164.0	35519280.0
913	20	32819893.0	32850405.0	20	35455164.0	35519280.0
914	20	32819893.0	32850405.0	20	35455164.0	35519280.0
915	20	56248732.0	56249815.0	20	3082556.0	3084724.0
916	20	56248732.0	56249815.0	20	3082556.0	3084724.0
917	20	56248732.0	56249815.0	20	3082556.0	3084724.0
918	20	56248732.0	56249815.0	20	3082556.0	3084724.0
919	20	56248732.0	56249815.0	20	3082556.0	3084724.0
920	20	56248732.0	56249815.0	20	3082556.0	3084724.0
921	20	56248732.0	56249815.0	20	3082556.0	3084724.0
922	20	56248732.0	56249815.0	20	3082556.0	3084724.0
923	20	56248732.0	56249815.0	20	3082556.0	3084724.0
924	20	56248732.0	56249815.0	20	3082556.0	3084724.0
925	20	5950652.0	5998977.0	20	5114953.0	5126626.0
926	20	5950652.0	5998977.0	20	5114953.0	5126626.0
927	20	5950652.0	5998977.0	20	5114953.0	5126626.0
928	20	46008908.0	46016561.0	20	45325288.0	45348424.0
929	20	50958826.0	50963931.0	20	35668055.0	35699359.0
930	20	43667019.0	43716496.0	20	33675683.0	33686404.0
931	20	43667019.0	43716496.0	20	36996349.0	37095995.0
932	20	43667019.0	43716496.0	20	36996349.0	37095995.0
933	20	36541484.0	36551447.0	20	31819308.0	31834689.0
934	20	47501902.0	47656877.0	20	63558086.0	63574239.0
935	20	47501902.0	47656877.0	20	63558086.0	63574239.0
936	20	47501902.0	47656877.0	20	63558086.0	63574239.0
937	20	47501902.0	47656877.0	20	63558086.0	63574239.0
938	20	47501902.0	47656877.0	20	63558086.0	63574239.0
939	20	34689097.0	34825649.0	20	63558086.0	63574239.0
940	20	34689097.0	34825649.0	20	63558086.0	63574239.0
941	20	34689097.0	34825649.0	20	63558086.0	63574239.0
942	20	34689097.0	34825649.0	20	63558086.0	63574239.0
943	20	34689097.0	34825649.0	20	63558086.0	63574239.0
944	20	34689097.0	34825649.0	20	40685848.0	40689240.0
945	20	34689097.0	34825649.0	20	47501902.0	47656877.0
946	20	34689097.0	34825649.0	20	47501902.0	47656877.0
947	20	34689097.0	34825649.0	20	47501902.0	47656877.0
948	20	25452705.0	25585517.0	20	31739271.0	31801805.0
949	20	25452705.0	25585517.0	20	31739271.0	31801805.0
950	20	25452705.0	25585517.0	20	35455164.0	35519280.0
951	20	25452705.0	25585517.0	20	35455164.0	35519280.0
952	20	25452705.0	25585517.0	20	35455164.0	35519280.0
953	20	25452705.0	25585517.0	20	35455164.0	35519280.0
954	20	25452705.0	25585517.0	20	32819893.0	32850405.0
955	20	25452705.0	25585517.0	20	32819893.0	32850405.0
956	20	25452705.0	25585517.0	20	32819893.0	32850405.0
957	20	25452705.0	25585517.0	20	32819893.0	32850405.0
958	20	62708837.0	62762771.0	20	4220631.0	4249074.0
959	20	62708837.0	62762771.0	20	4220631.0	4249074.0
960	20	62708837.0	62762771.0	20	4220631.0	4249074.0
961	20	62708837.0	62762771.0	20	4220631.0	4249074.0
962	20	62708837.0	62762771.0	20	4220631.0	4249074.0
963	20	62708837.0	62762771.0	20	4220631.0	4249074.0
964	20	62708837.0	62762771.0	20	4220631.0	4249074.0
965	20	62708837.0	62762771.0	20	3082556.0	3084724.0
966	20	62708837.0	62762771.0	20	3082556.0	3084724.0
967	20	62708837.0	62762771.0	20	3082556.0	3084724.0
968	20	62708837.0	62762771.0	20	3082556.0	3084724.0
969	20	62708837.0	62762771.0	20	3082556.0	3084724.0
970	20	62708837.0	62762771.0	20	3082556.0	3084724.0
971	20	62708837.0	62762771.0	20	3082556.0	3084724.0
972	20	62708837.0	62762771.0	20	3082556.0	3084724.0
973	20	62708837.0	62762771.0	20	3082556.0	3084724.0
974	20	62708837.0	62762771.0	20	3082556.0	3084724.0
975	20	23350736.0	23354777.0	20	57351010.0	57379211.0
976	20	23350736.0	23354777.0	20	57351010.0	57379211.0
977	20	23350736.0	23354777.0	20	57351010.0	57379211.0
978	20	64080173.0	64100643.0	20	62214970.0	62220267.0
979	20	64080173.0	64100643.0	20	62214970.0	62220267.0
980	20	64080173.0	64100643.0	20	62214970.0	62220267.0
981	20	64080173.0	64100643.0	20	64105820.0	64107171.0
982	20	64080173.0	64100643.0	20	64105820.0	64107171.0
983	20	64080173.0	64100643.0	20	64105820.0	64107171.0
984	20	64080173.0	64100643.0	20	64105820.0	64107171.0
985	20	3071620.0	3072517.0	20	62708837.0	62762771.0
986	20	3071620.0	3072517.0	20	62708837.0	62762771.0
987	20	3071620.0	3072517.0	20	62708837.0	62762771.0
988	20	3071620.0	3072517.0	20	62708837.0	62762771.0
989	20	3071620.0	3072517.0	20	62708837.0	62762771.0
990	20	3071620.0	3072517.0	20	62708837.0	62762771.0
991	20	3071620.0	3072517.0	20	9068763.0	9481242.0
992	20	3071620.0	3072517.0	20	9068763.0	9481242.0
993	20	3071620.0	3072517.0	20	9068763.0	9481242.0
994	20	3071620.0	3072517.0	20	9068763.0	9481242.0
995	20	3071620.0	3072517.0	20	59300427.0	59325992.0
996	20	3071620.0	3072517.0	20	59300427.0	59325992.0
997	20	3071620.0	3072517.0	20	59300427.0	59325992.0
998	20	3071620.0	3072517.0	20	59300427.0	59325992.0
999	20	3071620.0	3072517.0	20	8077251.0	8968360.0
1000	20	3071620.0	3072517.0	20	8077251.0	8968360.0
1001	20	3071620.0	3072517.0	20	8077251.0	8968360.0
1002	20	3071620.0	3072517.0	20	8077251.0	8968360.0
1003	20	3071620.0	3072517.0	20	8077251.0	8968360.0
1004	20	3071620.0	3072517.0	20	8077251.0	8968360.0
1005	20	3071620.0	3072517.0	20	4220631.0	4249074.0
1006	20	3071620.0	3072517.0	20	4220631.0	4249074.0
1007	20	3071620.0	3072517.0	20	4220631.0	4249074.0
1008	20	3071620.0	3072517.0	20	4220631.0	4249074.0
1009	20	3071620.0	3072517.0	20	4220631.0	4249074.0
1010	20	3071620.0	3072517.0	20	4220631.0	4249074.0
1011	20	3071620.0	3072517.0	20	4220631.0	4249074.0
1012	20	3071620.0	3072517.0	20	3082556.0	3084724.0
1013	20	3071620.0	3072517.0	20	3082556.0	3084724.0
1014	20	3071620.0	3072517.0	20	3082556.0	3084724.0
1015	20	3071620.0	3072517.0	20	3082556.0	3084724.0
1016	20	3071620.0	3072517.0	20	3082556.0	3084724.0
1017	20	3071620.0	3072517.0	20	3082556.0	3084724.0
1018	20	3071620.0	3072517.0	20	3082556.0	3084724.0
1019	20	3071620.0	3072517.0	20	3082556.0	3084724.0
1020	20	3071620.0	3072517.0	20	3082556.0	3084724.0
1021	20	3071620.0	3072517.0	20	3082556.0	3084724.0
1022	20	3071620.0	3072517.0	20	3043622.0	3045747.0
1023	20	3071620.0	3072517.0	20	3043622.0	3045747.0
1024	20	57561080.0	57568112.0	20	63558086.0	63574239.0
1025	20	57561080.0	57568112.0	20	63558086.0	63574239.0
1026	20	57561080.0	57568112.0	20	63558086.0	63574239.0
1027	20	57561080.0	57568112.0	20	63558086.0	63574239.0
1028	20	57561080.0	57568112.0	20	63558086.0	63574239.0
1029	20	57561080.0	57568112.0	20	47501902.0	47656877.0
1030	20	57561080.0	57568112.0	20	47501902.0	47656877.0
1031	20	57561080.0	57568112.0	20	47501902.0	47656877.0
1032	20	1978757.0	1994285.0	20	23035386.0	23036812.0
1033	20	1978757.0	1994285.0	20	64105820.0	64107171.0
1034	20	1978757.0	1994285.0	20	64105820.0	64107171.0
1035	20	1978757.0	1994285.0	20	64105820.0	64107171.0
1036	20	1978757.0	1994285.0	20	64105820.0	64107171.0
1037	20	1978757.0	1994285.0	20	62214970.0	62220267.0
1038	20	1978757.0	1994285.0	20	62214970.0	62220267.0
1039	20	1978757.0	1994285.0	20	62214970.0	62220267.0
1040	20	1978757.0	1994285.0	20	64080173.0	64100643.0
1041	20	1978757.0	1994285.0	20	64080173.0	64100643.0
1042	20	34560542.0	34698790.0	20	45416067.0	45456934.0
1043	20	8077251.0	8968360.0	20	3082556.0	3084724.0
1044	20	8077251.0	8968360.0	20	3082556.0	3084724.0
1045	20	8077251.0	8968360.0	20	3082556.0	3084724.0
1046	20	8077251.0	8968360.0	20	3082556.0	3084724.0
1047	20	8077251.0	8968360.0	20	3082556.0	3084724.0
1048	20	8077251.0	8968360.0	20	3082556.0	3084724.0
1049	20	8077251.0	8968360.0	20	3082556.0	3084724.0
1050	20	8077251.0	8968360.0	20	3082556.0	3084724.0
1051	20	8077251.0	8968360.0	20	3082556.0	3084724.0
1052	20	8077251.0	8968360.0	20	3082556.0	3084724.0
1053	20	8077251.0	8968360.0	20	62708837.0	62762771.0
1054	20	8077251.0	8968360.0	20	62708837.0	62762771.0
1055	20	8077251.0	8968360.0	20	62708837.0	62762771.0
1056	20	8077251.0	8968360.0	20	62708837.0	62762771.0
1057	20	8077251.0	8968360.0	20	62708837.0	62762771.0
1058	20	8077251.0	8968360.0	20	62708837.0	62762771.0
1059	20	8077251.0	8968360.0	20	4220631.0	4249074.0
1060	20	8077251.0	8968360.0	20	4220631.0	4249074.0
1061	20	8077251.0	8968360.0	20	4220631.0	4249074.0
1062	20	8077251.0	8968360.0	20	4220631.0	4249074.0
1063	20	8077251.0	8968360.0	20	4220631.0	4249074.0
1064	20	8077251.0	8968360.0	20	4220631.0	4249074.0
1065	20	8077251.0	8968360.0	20	4220631.0	4249074.0
1066	20	9068763.0	9481242.0	20	3082556.0	3084724.0
1067	20	9068763.0	9481242.0	20	3082556.0	3084724.0
1068	20	9068763.0	9481242.0	20	3082556.0	3084724.0
1069	20	9068763.0	9481242.0	20	3082556.0	3084724.0
1070	20	9068763.0	9481242.0	20	3082556.0	3084724.0
1071	20	9068763.0	9481242.0	20	3082556.0	3084724.0
1072	20	9068763.0	9481242.0	20	3082556.0	3084724.0
1073	20	9068763.0	9481242.0	20	3082556.0	3084724.0
1074	20	9068763.0	9481242.0	20	3082556.0	3084724.0
1075	20	9068763.0	9481242.0	20	3082556.0	3084724.0
1076	20	9068763.0	9481242.0	20	62708837.0	62762771.0
1077	20	9068763.0	9481242.0	20	62708837.0	62762771.0
1078	20	9068763.0	9481242.0	20	62708837.0	62762771.0
1079	20	9068763.0	9481242.0	20	62708837.0	62762771.0
1080	20	9068763.0	9481242.0	20	62708837.0	62762771.0
1081	20	9068763.0	9481242.0	20	62708837.0	62762771.0
1082	20	9068763.0	9481242.0	20	59300427.0	59325992.0
1083	20	9068763.0	9481242.0	20	59300427.0	59325992.0
1084	20	9068763.0	9481242.0	20	59300427.0	59325992.0
1085	20	9068763.0	9481242.0	20	59300427.0	59325992.0
1086	20	9068763.0	9481242.0	20	8077251.0	8968360.0
1087	20	9068763.0	9481242.0	20	8077251.0	8968360.0
1088	20	9068763.0	9481242.0	20	8077251.0	8968360.0
1089	20	9068763.0	9481242.0	20	8077251.0	8968360.0
1090	20	9068763.0	9481242.0	20	8077251.0	8968360.0
1091	20	9068763.0	9481242.0	20	8077251.0	8968360.0
1092	20	9068763.0	9481242.0	20	4220631.0	4249074.0
1093	20	9068763.0	9481242.0	20	4220631.0	4249074.0
1094	20	9068763.0	9481242.0	20	4220631.0	4249074.0
1095	20	9068763.0	9481242.0	20	4220631.0	4249074.0
1096	20	9068763.0	9481242.0	20	4220631.0	4249074.0
1097	20	9068763.0	9481242.0	20	4220631.0	4249074.0
1098	20	9068763.0	9481242.0	20	4220631.0	4249074.0
1099	20	41136960.0	41196801.0	20	32052188.0	32101856.0
1100	20	41136960.0	41196801.0	20	32052188.0	32101856.0
1101	20	41136960.0	41196801.0	20	37344685.0	37406050.0
1102	20	41136960.0	41196801.0	20	37344685.0	37406050.0
1103	20	41136960.0	41196801.0	20	9068763.0	9481242.0
1104	20	41136960.0	41196801.0	20	9068763.0	9481242.0
1105	20	41136960.0	41196801.0	20	9068763.0	9481242.0
1106	20	41136960.0	41196801.0	20	9068763.0	9481242.0
1107	20	41136960.0	41196801.0	20	3659292.0	3663399.0
1108	20	41136960.0	41196801.0	20	3659292.0	3663399.0
1109	20	41136960.0	41196801.0	20	8077251.0	8968360.0
1110	20	41136960.0	41196801.0	20	8077251.0	8968360.0
1111	20	41136960.0	41196801.0	20	8077251.0	8968360.0
1112	20	41136960.0	41196801.0	20	8077251.0	8968360.0
1113	20	41136960.0	41196801.0	20	8077251.0	8968360.0
1114	20	41136960.0	41196801.0	20	8077251.0	8968360.0
1115	20	18467127.0	18484643.0	20	3208868.0	3223870.0
1116	20	18467127.0	18484643.0	20	3208868.0	3223870.0
1117	20	18467127.0	18484643.0	20	3208868.0	3223870.0
1118	20	35172073.0	35216240.0	20	23045633.0	23049741.0
1119	20	5302040.0	5314369.0	20	3043622.0	3045747.0
1120	20	5302040.0	5314369.0	20	3043622.0	3045747.0
1121	20	5302040.0	5314369.0	20	3082556.0	3084724.0
1122	20	5302040.0	5314369.0	20	3082556.0	3084724.0
1123	20	5302040.0	5314369.0	20	3082556.0	3084724.0
1124	20	5302040.0	5314369.0	20	3082556.0	3084724.0
1125	20	5302040.0	5314369.0	20	3082556.0	3084724.0
1126	20	5302040.0	5314369.0	20	3082556.0	3084724.0
1127	20	5302040.0	5314369.0	20	3082556.0	3084724.0
1128	20	5302040.0	5314369.0	20	3082556.0	3084724.0
1129	20	5302040.0	5314369.0	20	3082556.0	3084724.0
1130	20	5302040.0	5314369.0	20	3082556.0	3084724.0
1131	20	5302040.0	5314369.0	20	62708837.0	62762771.0
1132	20	5302040.0	5314369.0	20	62708837.0	62762771.0
1133	20	5302040.0	5314369.0	20	62708837.0	62762771.0
1134	20	5302040.0	5314369.0	20	62708837.0	62762771.0
1135	20	5302040.0	5314369.0	20	62708837.0	62762771.0
1136	20	5302040.0	5314369.0	20	62708837.0	62762771.0
1137	20	5302040.0	5314369.0	20	59300427.0	59325992.0
1138	20	5302040.0	5314369.0	20	59300427.0	59325992.0
1139	20	5302040.0	5314369.0	20	59300427.0	59325992.0
1140	20	5302040.0	5314369.0	20	59300427.0	59325992.0
1141	20	5302040.0	5314369.0	20	3071620.0	3072517.0
1142	20	5302040.0	5314369.0	20	9068763.0	9481242.0
1143	20	5302040.0	5314369.0	20	9068763.0	9481242.0
1144	20	5302040.0	5314369.0	20	9068763.0	9481242.0
1145	20	5302040.0	5314369.0	20	9068763.0	9481242.0
1146	20	5302040.0	5314369.0	20	8077251.0	8968360.0
1147	20	5302040.0	5314369.0	20	8077251.0	8968360.0
1148	20	5302040.0	5314369.0	20	8077251.0	8968360.0
1149	20	5302040.0	5314369.0	20	8077251.0	8968360.0
1150	20	5302040.0	5314369.0	20	8077251.0	8968360.0
1151	20	5302040.0	5314369.0	20	8077251.0	8968360.0
1152	20	5302040.0	5314369.0	20	4220631.0	4249074.0
1153	20	5302040.0	5314369.0	20	4220631.0	4249074.0
1154	20	5302040.0	5314369.0	20	4220631.0	4249074.0
1155	20	5302040.0	5314369.0	20	4220631.0	4249074.0
1156	20	5302040.0	5314369.0	20	4220631.0	4249074.0
1157	20	5302040.0	5314369.0	20	4220631.0	4249074.0
1158	20	5302040.0	5314369.0	20	4220631.0	4249074.0
1159	20	63981135.0	64033100.0	20	20034368.0	20056046.0
1160	20	63981135.0	64033100.0	20	20034368.0	20056046.0
1161	20	63981135.0	64033100.0	20	20034368.0	20056046.0
1162	20	63981135.0	64033100.0	20	20034368.0	20056046.0
1163	20	63981135.0	64033100.0	20	20034368.0	20056046.0
1164	20	63981135.0	64033100.0	20	37693955.0	37872129.0
1165	20	63981135.0	64033100.0	20	37693955.0	37872129.0
1166	20	63981135.0	64033100.0	20	37693955.0	37872129.0
1167	20	63981135.0	64033100.0	20	37693955.0	37872129.0
1168	20	63981135.0	64033100.0	20	2461634.0	2470853.0
1169	20	63981135.0	64033100.0	20	2461634.0	2470853.0
1170	20	63981135.0	64033100.0	20	2461634.0	2470853.0
1171	20	63981135.0	64033100.0	20	2461634.0	2470853.0
1172	20	63981135.0	64033100.0	20	2461634.0	2470853.0
1173	20	63981135.0	64033100.0	20	2461634.0	2470853.0
1174	20	63981135.0	64033100.0	20	2461634.0	2470853.0
1175	20	62136735.0	62143440.0	20	34363235.0	34511393.0
1176	20	62136735.0	62143440.0	20	34363235.0	34511393.0
1177	20	62136735.0	62143440.0	20	34363235.0	34511393.0
1178	20	62136735.0	62143440.0	20	34363235.0	34511393.0
1179	20	62136735.0	62143440.0	20	34363235.0	34511393.0
1180	20	62136735.0	62143440.0	20	34363235.0	34511393.0
1181	20	62136735.0	62143440.0	20	34363235.0	34511393.0
1182	20	1113263.0	1189415.0	20	62136735.0	62143440.0
1183	20	1113263.0	1189415.0	20	62136735.0	62143440.0
1184	20	1113263.0	1189415.0	20	62136735.0	62143440.0
1185	20	1113263.0	1189415.0	20	62136735.0	62143440.0
1186	20	1113263.0	1189415.0	20	62136735.0	62143440.0
1187	20	1113263.0	1189415.0	20	45812576.0	45816957.0
1188	20	1113263.0	1189415.0	20	45812576.0	45816957.0
1189	20	1113263.0	1189415.0	20	45812576.0	45816957.0
1190	20	1113263.0	1189415.0	20	45812576.0	45816957.0
1191	20	1113263.0	1189415.0	20	45812576.0	45816957.0
1192	20	1113263.0	1189415.0	20	45812576.0	45816957.0
1193	20	1113263.0	1189415.0	20	45812576.0	45816957.0
1194	20	1113263.0	1189415.0	20	45812576.0	45816957.0
1195	20	1113263.0	1189415.0	20	34363235.0	34511393.0
1196	20	1113263.0	1189415.0	20	34363235.0	34511393.0
1197	20	1113263.0	1189415.0	20	34363235.0	34511393.0
1198	20	1113263.0	1189415.0	20	34363235.0	34511393.0
1199	20	1113263.0	1189415.0	20	34363235.0	34511393.0
1200	20	1113263.0	1189415.0	20	34363235.0	34511393.0
1201	20	1113263.0	1189415.0	20	34363235.0	34511393.0
1202	20	63528001.0	63537370.0	20	46366049.0	46432985.0
1203	20	63528001.0	63537370.0	20	50510321.0	50585241.0
1204	20	63528001.0	63537370.0	20	50510321.0	50585241.0
1205	20	63528001.0	63537370.0	20	63540810.0	63547504.0
1206	20	50510321.0	50585241.0	20	51386957.0	51562831.0
1207	20	50510321.0	50585241.0	20	51386957.0	51562831.0
1208	20	57351010.0	57379211.0	20	2461634.0	2470853.0
1209	20	57351010.0	57379211.0	20	2461634.0	2470853.0
1210	20	57351010.0	57379211.0	20	2461634.0	2470853.0
1211	20	57351010.0	57379211.0	20	2461634.0	2470853.0
1212	20	57351010.0	57379211.0	20	2461634.0	2470853.0
1213	20	57351010.0	57379211.0	20	2461634.0	2470853.0
1214	20	57351010.0	57379211.0	20	2461634.0	2470853.0
1215	20	20389552.0	20712488.0	20	38472816.0	38578861.0
1216	20	407498.0	430966.0	20	45812576.0	45816957.0
1217	20	407498.0	430966.0	20	45812576.0	45816957.0
1218	20	407498.0	430966.0	20	45812576.0	45816957.0
1219	20	407498.0	430966.0	20	45812576.0	45816957.0
1220	20	407498.0	430966.0	20	45812576.0	45816957.0
1221	20	407498.0	430966.0	20	45812576.0	45816957.0
1222	20	407498.0	430966.0	20	45812576.0	45816957.0
1223	20	407498.0	430966.0	20	45812576.0	45816957.0
1224	20	407498.0	430966.0	20	34363235.0	34511393.0
1225	20	407498.0	430966.0	20	34363235.0	34511393.0
1226	20	407498.0	430966.0	20	34363235.0	34511393.0
1227	20	407498.0	430966.0	20	34363235.0	34511393.0
1228	20	407498.0	430966.0	20	34363235.0	34511393.0
1229	20	407498.0	430966.0	20	34363235.0	34511393.0
1230	20	407498.0	430966.0	20	34363235.0	34511393.0
1231	20	36996349.0	37095995.0	20	5114953.0	5126626.0
1232	20	36996349.0	37095995.0	20	5114953.0	5126626.0
1233	20	36996349.0	37095995.0	20	5114953.0	5126626.0
1234	20	49936336.0	49953892.0	20	407498.0	430966.0
1235	20	49936336.0	49953892.0	20	407498.0	430966.0
1236	20	49936336.0	49953892.0	20	407498.0	430966.0
1237	20	49936336.0	49953892.0	20	34363235.0	34511393.0
1238	20	49936336.0	49953892.0	20	34363235.0	34511393.0
1239	20	49936336.0	49953892.0	20	34363235.0	34511393.0
1240	20	49936336.0	49953892.0	20	34363235.0	34511393.0
1241	20	49936336.0	49953892.0	20	34363235.0	34511393.0
1242	20	49936336.0	49953892.0	20	34363235.0	34511393.0
1243	20	49936336.0	49953892.0	20	34363235.0	34511393.0
1244	20	49936336.0	49953892.0	20	50081124.0	50115959.0
1245	20	49936336.0	49953892.0	20	50081124.0	50115959.0
1246	20	49936336.0	49953892.0	20	45812576.0	45816957.0
1247	20	49936336.0	49953892.0	20	45812576.0	45816957.0
1248	20	49936336.0	49953892.0	20	45812576.0	45816957.0
1249	20	49936336.0	49953892.0	20	45812576.0	45816957.0
1250	20	49936336.0	49953892.0	20	45812576.0	45816957.0
1251	20	49936336.0	49953892.0	20	45812576.0	45816957.0
1252	20	49936336.0	49953892.0	20	45812576.0	45816957.0
1253	20	49936336.0	49953892.0	20	45812576.0	45816957.0
1254	20	37178410.0	37241623.0	20	62387116.0	62388520.0
1255	20	37178410.0	37241623.0	20	62136735.0	62143440.0
1256	20	37178410.0	37241623.0	20	62136735.0	62143440.0
1257	20	37178410.0	37241623.0	20	62136735.0	62143440.0
1258	20	37178410.0	37241623.0	20	62136735.0	62143440.0
1259	20	37178410.0	37241623.0	20	62136735.0	62143440.0
1260	20	62387116.0	62388520.0	20	34088298.0	34112332.0
1261	20	62387116.0	62388520.0	20	21303304.0	21389827.0
1262	20	62387116.0	62388520.0	20	2652145.0	2658393.0
1263	20	62387116.0	62388520.0	20	2652145.0	2658393.0
1264	20	62387116.0	62388520.0	20	2652145.0	2658393.0
1265	20	62387116.0	62388520.0	20	2652145.0	2658393.0
1266	20	38724462.0	38729372.0	20	63895182.0	63936031.0
1267	20	38724462.0	38729372.0	20	63895182.0	63936031.0
1268	20	38724462.0	38729372.0	20	10218830.0	10307418.0
1269	20	10218830.0	10307418.0	20	58651253.0	58679526.0
1270	20	10218830.0	10307418.0	20	58651253.0	58679526.0
1271	20	10218830.0	10307418.0	20	58651253.0	58679526.0
1272	20	10218830.0	10307418.0	20	63895182.0	63936031.0
1273	20	10218830.0	10307418.0	20	63895182.0	63936031.0
1274	20	10218830.0	10307418.0	20	23374519.0	23421519.0
1275	20	10218830.0	10307418.0	20	23374519.0	23421519.0
1276	20	10218830.0	10307418.0	20	23374519.0	23421519.0
1277	20	10218830.0	10307418.0	20	23374519.0	23421519.0
1278	20	10218830.0	10307418.0	20	23374519.0	23421519.0
1279	20	16729961.0	16742563.0	20	63981135.0	64033100.0
1280	20	16729961.0	16742563.0	20	63981135.0	64033100.0
1281	20	16729961.0	16742563.0	20	63981135.0	64033100.0
1282	20	16729961.0	16742563.0	20	20034368.0	20056046.0
1283	20	16729961.0	16742563.0	20	20034368.0	20056046.0
1284	20	16729961.0	16742563.0	20	20034368.0	20056046.0
1285	20	16729961.0	16742563.0	20	20034368.0	20056046.0
1286	20	16729961.0	16742563.0	20	20034368.0	20056046.0
1287	20	16729961.0	16742563.0	20	37693955.0	37872129.0
1288	20	16729961.0	16742563.0	20	37693955.0	37872129.0
1289	20	16729961.0	16742563.0	20	37693955.0	37872129.0
1290	20	16729961.0	16742563.0	20	37693955.0	37872129.0
1291	20	16729961.0	16742563.0	20	2461634.0	2470853.0
1292	20	16729961.0	16742563.0	20	2461634.0	2470853.0
1293	20	16729961.0	16742563.0	20	2461634.0	2470853.0
1294	20	16729961.0	16742563.0	20	2461634.0	2470853.0
1295	20	16729961.0	16742563.0	20	2461634.0	2470853.0
1296	20	16729961.0	16742563.0	20	2461634.0	2470853.0
1297	20	16729961.0	16742563.0	20	2461634.0	2470853.0
1298	20	37344685.0	37406050.0	20	50510321.0	50585241.0
1299	20	37344685.0	37406050.0	20	50510321.0	50585241.0
1300	20	37344685.0	37406050.0	20	46008908.0	46016561.0
1301	20	37344685.0	37406050.0	20	2864184.0	3039076.0
1302	20	37344685.0	37406050.0	20	32052188.0	32101856.0
1303	20	37344685.0	37406050.0	20	32052188.0	32101856.0
1304	20	43457928.0	43464247.0	20	20034368.0	20056046.0
1305	20	43457928.0	43464247.0	20	20034368.0	20056046.0
1306	20	43457928.0	43464247.0	20	20034368.0	20056046.0
1307	20	43457928.0	43464247.0	20	20034368.0	20056046.0
1308	20	43457928.0	43464247.0	20	20034368.0	20056046.0
1309	20	43457928.0	43464247.0	20	63981135.0	64033100.0
1310	20	43457928.0	43464247.0	20	63981135.0	64033100.0
1311	20	43457928.0	43464247.0	20	63981135.0	64033100.0
1312	20	43457928.0	43464247.0	20	37693955.0	37872129.0
1313	20	43457928.0	43464247.0	20	37693955.0	37872129.0
1314	20	43457928.0	43464247.0	20	37693955.0	37872129.0
1315	20	43457928.0	43464247.0	20	37693955.0	37872129.0
1316	20	43457928.0	43464247.0	20	2461634.0	2470853.0
1317	20	43457928.0	43464247.0	20	2461634.0	2470853.0
1318	20	43457928.0	43464247.0	20	2461634.0	2470853.0
1319	20	43457928.0	43464247.0	20	2461634.0	2470853.0
1320	20	43457928.0	43464247.0	20	2461634.0	2470853.0
1321	20	43457928.0	43464247.0	20	2461634.0	2470853.0
1322	20	43457928.0	43464247.0	20	2461634.0	2470853.0
1323	20	43457928.0	43464247.0	20	23350736.0	23354777.0
1324	20	43457928.0	43464247.0	20	57351010.0	57379211.0
1325	20	43457928.0	43464247.0	20	57351010.0	57379211.0
1326	20	43457928.0	43464247.0	20	57351010.0	57379211.0
1327	20	43457928.0	43464247.0	20	16729961.0	16742563.0
1328	20	43457928.0	43464247.0	20	16729961.0	16742563.0
1329	20	23035386.0	23036812.0	20	62214970.0	62220267.0
1330	20	23035386.0	23036812.0	20	62214970.0	62220267.0
1331	20	23035386.0	23036812.0	20	62214970.0	62220267.0
1332	20	23035386.0	23036812.0	20	64080173.0	64100643.0
1333	20	23035386.0	23036812.0	20	64080173.0	64100643.0
1334	20	23035386.0	23036812.0	20	64105820.0	64107171.0
1335	20	23035386.0	23036812.0	20	64105820.0	64107171.0
1336	20	23035386.0	23036812.0	20	64105820.0	64107171.0
1337	20	23035386.0	23036812.0	20	64105820.0	64107171.0
1338	20	58651253.0	58679526.0	20	23374519.0	23421519.0
1339	20	58651253.0	58679526.0	20	23374519.0	23421519.0
1340	20	58651253.0	58679526.0	20	23374519.0	23421519.0
1341	20	58651253.0	58679526.0	20	23374519.0	23421519.0
1342	20	58651253.0	58679526.0	20	23374519.0	23421519.0
1343	20	45361937.0	45376798.0	20	23374519.0	23421519.0
1344	20	45361937.0	45376798.0	20	23374519.0	23421519.0
1345	20	45361937.0	45376798.0	20	23374519.0	23421519.0
1346	20	45361937.0	45376798.0	20	23374519.0	23421519.0
1347	20	45361937.0	45376798.0	20	23374519.0	23421519.0
1348	20	45361937.0	45376798.0	20	63698642.0	63708025.0
1349	20	45361937.0	45376798.0	20	58651253.0	58679526.0
1350	20	45361937.0	45376798.0	20	58651253.0	58679526.0
1351	20	45361937.0	45376798.0	20	58651253.0	58679526.0
1352	20	61953469.0	62065810.0	20	35771974.0	35950381.0
1353	20	31739271.0	31801805.0	20	45812576.0	45816957.0
1354	20	31739271.0	31801805.0	20	45812576.0	45816957.0
1355	20	31739271.0	31801805.0	20	45812576.0	45816957.0
1356	20	31739271.0	31801805.0	20	45812576.0	45816957.0
1357	20	31739271.0	31801805.0	20	45812576.0	45816957.0
1358	20	31739271.0	31801805.0	20	45812576.0	45816957.0
1359	20	31739271.0	31801805.0	20	45812576.0	45816957.0
1360	20	31739271.0	31801805.0	20	45812576.0	45816957.0
1361	20	31739271.0	31801805.0	20	35455164.0	35519280.0
1362	20	31739271.0	31801805.0	20	35455164.0	35519280.0
1363	20	31739271.0	31801805.0	20	35455164.0	35519280.0
1364	20	31739271.0	31801805.0	20	35455164.0	35519280.0
1365	20	31739271.0	31801805.0	20	32819893.0	32850405.0
1366	20	31739271.0	31801805.0	20	32819893.0	32850405.0
1367	20	31739271.0	31801805.0	20	32819893.0	32850405.0
1368	20	31739271.0	31801805.0	20	32819893.0	32850405.0
1369	20	362835.0	397559.0	20	34689097.0	34825649.0
1370	20	362835.0	397559.0	20	63558086.0	63574239.0
1371	20	362835.0	397559.0	20	63558086.0	63574239.0
1372	20	362835.0	397559.0	20	63558086.0	63574239.0
1373	20	362835.0	397559.0	20	63558086.0	63574239.0
1374	20	362835.0	397559.0	20	63558086.0	63574239.0
1375	20	59019254.0	59026654.0	20	54207847.0	54228052.0
1376	20	45812576.0	45816957.0	20	34363235.0	34511393.0
1377	20	45812576.0	45816957.0	20	34363235.0	34511393.0
1378	20	45812576.0	45816957.0	20	34363235.0	34511393.0
1379	20	45812576.0	45816957.0	20	34363235.0	34511393.0
1380	20	45812576.0	45816957.0	20	34363235.0	34511393.0
1381	20	45812576.0	45816957.0	20	34363235.0	34511393.0
1382	20	45812576.0	45816957.0	20	34363235.0	34511393.0
1383	20	45812576.0	45816957.0	20	62136735.0	62143440.0
1384	20	45812576.0	45816957.0	20	62136735.0	62143440.0
1385	20	45812576.0	45816957.0	20	62136735.0	62143440.0
1386	20	45812576.0	45816957.0	20	62136735.0	62143440.0
1387	20	45812576.0	45816957.0	20	62136735.0	62143440.0
1388	20	50081124.0	50115959.0	20	407498.0	430966.0
1389	20	50081124.0	50115959.0	20	407498.0	430966.0
1390	20	50081124.0	50115959.0	20	407498.0	430966.0
1391	20	50081124.0	50115959.0	20	34363235.0	34511393.0
1392	20	50081124.0	50115959.0	20	34363235.0	34511393.0
1393	20	50081124.0	50115959.0	20	34363235.0	34511393.0
1394	20	50081124.0	50115959.0	20	34363235.0	34511393.0
1395	20	50081124.0	50115959.0	20	34363235.0	34511393.0
1396	20	50081124.0	50115959.0	20	34363235.0	34511393.0
1397	20	50081124.0	50115959.0	20	34363235.0	34511393.0
1398	20	50081124.0	50115959.0	20	45812576.0	45816957.0
1399	20	50081124.0	50115959.0	20	45812576.0	45816957.0
1400	20	50081124.0	50115959.0	20	45812576.0	45816957.0
1401	20	50081124.0	50115959.0	20	45812576.0	45816957.0
1402	20	50081124.0	50115959.0	20	45812576.0	45816957.0
1403	20	50081124.0	50115959.0	20	45812576.0	45816957.0
1404	20	50081124.0	50115959.0	20	45812576.0	45816957.0
1405	20	50081124.0	50115959.0	20	45812576.0	45816957.0
1406	20	3107573.0	3160196.0	20	45812576.0	45816957.0
1407	20	3107573.0	3160196.0	20	45812576.0	45816957.0
1408	20	3107573.0	3160196.0	20	45812576.0	45816957.0
1409	20	3107573.0	3160196.0	20	45812576.0	45816957.0
1410	20	3107573.0	3160196.0	20	45812576.0	45816957.0
1411	20	3107573.0	3160196.0	20	45812576.0	45816957.0
1412	20	3107573.0	3160196.0	20	45812576.0	45816957.0
1413	20	3107573.0	3160196.0	20	45812576.0	45816957.0
1414	20	3107573.0	3160196.0	20	407498.0	430966.0
1415	20	3107573.0	3160196.0	20	407498.0	430966.0
1416	20	3107573.0	3160196.0	20	407498.0	430966.0
1417	20	3107573.0	3160196.0	20	34363235.0	34511393.0
1418	20	3107573.0	3160196.0	20	34363235.0	34511393.0
1419	20	3107573.0	3160196.0	20	34363235.0	34511393.0
1420	20	3107573.0	3160196.0	20	34363235.0	34511393.0
1421	20	3107573.0	3160196.0	20	34363235.0	34511393.0
1422	20	3107573.0	3160196.0	20	34363235.0	34511393.0
1423	20	3107573.0	3160196.0	20	34363235.0	34511393.0
1424	20	3107573.0	3160196.0	20	49936336.0	49953892.0
1425	20	3107573.0	3160196.0	20	50081124.0	50115959.0
1426	20	3107573.0	3160196.0	20	50081124.0	50115959.0
1427	20	63939829.0	63956415.0	20	25195693.0	25226729.0
1428	20	63939829.0	63956415.0	20	3208868.0	3223870.0
1429	20	63939829.0	63956415.0	20	3208868.0	3223870.0
1430	20	63939829.0	63956415.0	20	3208868.0	3223870.0
1431	20	21303304.0	21389827.0	20	2652145.0	2658393.0
1432	20	21303304.0	21389827.0	20	2652145.0	2658393.0
1433	20	21303304.0	21389827.0	20	2652145.0	2658393.0
1434	20	21303304.0	21389827.0	20	2652145.0	2658393.0
1435	20	53567065.0	53609907.0	20	45791937.0	45811427.0
